new,"[2065.8971821380032, 'JJ']"
first,"[1877.7760039250002, 'JJ']"
last,"[1368.8107819020026, 'JJ']"
strong,"[1046.6524546810003, 'JJ']"
second,"[946.7877812229995, 'JJ']"
high,"[885.3160546630015, 'JJ']"
full,"[835.7181859329996, 'JJ']"
next,"[805.1084621309996, 'JJ']"
much,"[717.8737147429997, 'JJ']"
better,"[680.7844359040005, 'JJR']"
net,"[678.3885882190004, 'JJ']"
good,"[663.5455374499999, 'JJ']"
higher,"[579.8460766149999, 'JJR']"
earli,"[570.924702741, 'JJ']"
short,"[570.806769230001, 'JJ']"
financi,"[532.2428182470001, 'JJ']"
abl,"[517.6745920890002, 'JJ']"
best,"[499.55838060199994, 'JJS']"
recent,"[491.1601667789996, 'JJ']"
russian,"[485.1826080679999, 'JJ']"
due,"[476.59236713599995, 'JJ']"
current,"[469.6318187619996, 'JJ']"
long,"[442.9364592080002, 'JJ']"
low,"[416.0979812569999, 'JJ']"
past,"[405.5605085559996, 'JJ']"
key,"[403.97824475199974, 'JJ']"
signific,"[399.1781958050001, 'JJ']"
big,"[393.3181734980002, 'JJ']"
posit,"[376.7253521570004, 'JJ']"
activ,"[374.9948863669997, 'JJ']"
major,"[350.9791087830002, 'JJ']"
prior,"[348.159477777, 'JJ']"
adjust,"[343.34643763199915, 'JJ']"
import,"[335.6917545020001, 'JJ']"
quarter,"[331.19106286299996, 'JJ']"
avail,"[326.83867915699955, 'JJ']"
littl,"[316.4793294589999, 'JJ']"
chief,"[313.3893508709999, 'JJ']"
like,"[297.2832057750003, 'JJ']"
intern,"[292.11811175399987, 'JJ']"
sever,"[284.15348083499987, 'JJ']"
bullish,"[283.93372008399996, 'JJ']"
month,"[281.89246164299993, 'JJ']"
top,"[268.7124008859998, 'JJ']"
intermedi,"[268.62848804699996, 'JJ']"
live,"[265.743316798, 'JJ']"
lower,"[261.4573176879995, 'JJR']"
unlimit,"[257.18393345000004, 'JJ']"
potenti,"[250.87666815200004, 'JJ']"
user,"[250.82683207499997, 'JJ']"
certain,"[250.1169691480001, 'JJ']"
digit,"[248.50085524699972, 'JJ']"
total,"[245.28320218299945, 'JJ']"
overal,"[243.89717214900006, 'JJ']"
clinic,"[240.59362107299978, 'JJ']"
latest,"[237.66388639499976, 'JJS']"
public,"[233.934083425, 'JJ']"
actual,"[233.68570006099992, 'JJ']"
initi,"[233.09115221399992, 'JJ']"
non,"[232.66367601999949, 'JJ']"
global,"[228.5174530549998, 'JJ']"
narrow,"[223.57511686, 'JJ']"
continu,"[222.96060933599992, 'JJ']"
real,"[222.13177171599997, 'JJ']"
highest,"[221.854574244, 'JJS']"
small,"[221.03299919499992, 'JJ']"
competit,"[220.9005468889999, 'JJ']"
late,"[215.69332264499997, 'JJ']"
joint,"[212.79226965200002, 'JJ']"
aortic,"[210.93348618799993, 'JJ']"
singl,"[210.1137278759999, 'JJ']"
profit,"[204.11913504600005, 'JJ']"
percent,"[201.92012941699994, 'JJ']"
similar,"[201.80760488900003, 'JJ']"
chines,"[201.77087287900005, 'JJ']"
differ,"[201.30325266899985, 'JJ']"
doubl,"[198.67026372699993, 'JJ']"
mani,"[197.7332809720001, 'JJ']"
local,"[196.90946321400003, 'JJ']"
metric,"[196.44907009799994, 'JJ']"
under,"[196.01800289399998, 'JJ']"
mitral,"[194.43556837099982, 'JJ']"
possibl,"[191.04288329499994, 'JJ']"
foreign,"[190.85277298899985, 'JJ']"
stronger,"[183.37112971199997, 'JJR']"
sure,"[179.99706153299974, 'JJ']"
annual,"[179.36772254599998, 'JJ']"
consist,"[175.80240613799995, 'JJ']"
econom,"[166.2140850339999, 'JJ']"
true,"[164.98015141200003, 'JJ']"
futur,"[163.8301295019999, 'JJ']"
whole,"[162.5970934579999, 'JJ']"
less,"[161.76806041300006, 'JJR']"
surgic,"[159.01721841199998, 'JJ']"
largest,"[158.93029326000004, 'JJS']"
conserv,"[157.01189211799996, 'JJ']"
free,"[156.33591839300007, 'JJ']"
prepar,"[155.76923724699992, 'JJ']"
specif,"[155.158980369, 'JJ']"
meaning,"[155.004398611, 'JJ']"
encourag,"[154.75401505099998, 'JJ']"
close,"[153.35291786099987, 'JJ']"
consolid,"[151.31929441599996, 'JJ']"
optimist,"[145.91555270099997, 'JJ']"
effect,"[145.83767510999996, 'JJ']"
constant,"[145.66388107599994, 'JJ']"
least,"[144.66005315499999, 'JJS']"
pre,"[143.60038845399998, 'JJ']"
social,"[142.92569688300003, 'JJ']"
sustain,"[142.351066378, 'JJ']"
autonom,"[142.14563755500012, 'JJ']"
flat,"[138.70466318099994, 'JJ']"
right,"[136.746292881, 'JJ']"
popular,"[136.699218357, 'JJ']"
general,"[136.348729532, 'JJ']"
consecut,"[136.287862401, 'JJ']"
broad,"[134.851021757, 'JJ']"
accur,"[134.69010534900002, 'JJ']"
stabl,"[134.002150714, 'JJ']"
daili,"[133.252099335, 'JJ']"
except,"[133.05396354700002, 'JJ']"
follow,"[131.481875296, 'JJ']"
smaller,"[130.920818993, 'JJR']"
difficult,"[129.40983752200003, 'JJ']"
solid,"[127.05685472200003, 'JJ']"
main,"[126.62877962800003, 'JJ']"
domest,"[126.46808409300003, 'JJ']"
increas,"[126.13516130200001, 'JJ']"
addit,"[124.06664042799987, 'JJ']"
great,"[123.584871814, 'JJ']"
organ,"[123.48286601700002, 'JJ']"
tough,"[122.40427896599999, 'JJ']"
convert,"[119.70160026200001, 'JJ']"
near,"[118.98428865200003, 'JJ']"
robust,"[118.824259226, 'JJ']"
european,"[117.66676748499998, 'JJ']"
earlier,"[117.30953093300002, 'JJR']"
confid,"[117.061467232, 'JJ']"
impress,"[114.16987149500004, 'JJ']"
success,"[113.38922602200002, 'JJ']"
content,"[113.194578476, 'JJ']"
faster,"[111.89448409, 'JJR']"
portal,"[110.48191876299998, 'JJ']"
attract,"[110.222590607, 'JJ']"
previous,"[109.85474826199999, 'JJ']"
independ,"[109.76625323000002, 'JJ']"
easier,"[109.519005109, 'JJR']"
fundament,"[108.34026926400003, 'JJ']"
oper,"[105.95413198200005, 'JJ']"
beat,"[105.43140471000002, 'JJ']"
interest,"[105.24061079900004, 'JJ']"
closer,"[105.21902714900003, 'JJR']"
year,"[104.46516489099999, 'JJ']"
princip,"[102.26434912600001, 'JJ']"
quick,"[102.183374391, 'JJ']"
tradit,"[99.31198711999997, 'JJ']"
minimum,"[99.215379445, 'JJ']"
cost,"[99.15579358800001, 'JJ']"
indiscern,"[99.13187955999997, 'JJ']"
valuabl,"[98.52648452700001, 'JJ']"
deep,"[97.76797549900002, 'JJ']"
sharp,"[95.140404252, 'JJ']"
upbeat,"[94.66215564, 'JJ']"
massiv,"[94.36437901800004, 'JJ']"
patient,"[93.99826414, 'JJ']"
expect,"[93.47869184699998, 'JJ']"
natur,"[92.81811266400003, 'JJ']"
particular,"[91.38899543399998, 'JJ']"
increment,"[91.350567329, 'JJ']"
compar,"[90.45839573200001, 'JJ']"
combin,"[89.8155173, 'JJ']"
former,"[88.90039689100003, 'JJ']"
intellectu,"[88.325692306, 'JJ']"
upcom,"[87.75238989, 'JJ']"
tricuspid,"[87.52788390600006, 'JJ']"
regulatori,"[87.28280416600006, 'JJ']"
onlin,"[86.66195863000002, 'JJ']"
report,"[85.95994603900002, 'JJ']"
unusu,"[85.936436148, 'JJ']"
bottom,"[85.84101256700002, 'JJ']"
cautious,"[84.048389241, 'JJ']"
clear,"[83.56741841800003, 'JJ']"
longer,"[83.39952274400002, 'JJR']"
corpor,"[82.56577972599999, 'JJ']"
superior,"[82.452930892, 'JJ']"
greater,"[81.99690816100002, 'JJR']"
averag,"[81.6641820610001, 'JJ']"
larger,"[80.65812825300003, 'JJR']"
subscrib,"[79.50424904999998, 'JJ']"
electr,"[79.46907021200003, 'JJ']"
negat,"[79.37697726100002, 'JJ']"
open,"[78.84422455100001, 'JJ']"
dual,"[78.766872886, 'JJ']"
person,"[78.48373752900004, 'JJ']"
uphil,"[77.79456192, 'JJ']"
cheap,"[77.56018709000004, 'JJ']"
ongo,"[77.229968448, 'JJ']"
subject,"[77.22400466300003, 'JJ']"
biggest,"[76.426717127, 'JJS']"
serious,"[76.219229868, 'JJ']"
outstand,"[76.18743962100002, 'JJ']"
curious,"[75.78302273300001, 'JJ']"
young,"[74.50696347499999, 'JJ']"
innov,"[74.46265271500002, 'JJ']"
rapid,"[73.93426245699999, 'JJ']"
excit,"[73.05776067800001, 'JJ']"
intraday,"[72.69880529100001, 'JJ']"
favor,"[72.35754120700001, 'JJ']"
complet,"[72.14307029500003, 'JJ']"
weak,"[72.05384778800003, 'JJ']"
updat,"[71.760125867, 'JJ']"
retail,"[71.72857583599998, 'JJ']"
worth,"[70.62755631699999, 'JJ']"
uniqu,"[70.11520505100002, 'JJ']"
shorter,"[70.00611494500001, 'JJR']"
expens,"[69.82066965400003, 'JJ']"
integr,"[68.43276004600001, 'JJ']"
fastest,"[68.13791765200001, 'JJS']"
fresh,"[68.13295176, 'JJ']"
semi,"[66.94458265799997, 'JJ']"
video,"[66.742252505, 'JJ']"
other,"[66.631050603, 'JJ']"
worldwid,"[65.87677997000002, 'JJ']"
limit,"[65.489072397, 'JJ']"
senior,"[65.348007113, 'JJ']"
separ,"[64.750640665, 'JJ']"
primari,"[64.41274337800002, 'JJ']"
fair,"[64.37244561100005, 'JJ']"
mid,"[63.607441623000014, 'JJ']"
excel,"[62.92362660000002, 'JJ']"
happi,"[62.347998104, 'JJ']"
equal,"[62.114604563, 'JJ']"
neural,"[62.009587936, 'JJ']"
cardiac,"[61.940991897, 'JJ']"
scale,"[61.77761032900001, 'JJ']"
nation,"[61.769421572, 'JJ']"
various,"[61.64569604300002, 'JJ']"
stun,"[61.295849032999996, 'JJ']"
rival,"[61.07427438799998, 'JJ']"
transcathet,"[60.74019030800003, 'JJ']"
familiar,"[60.65904963300002, 'JJ']"
drive,"[60.372441689999995, 'JJ']"
remark,"[59.419478222, 'JJ']"
region,"[58.747171323, 'JJ']"
modest,"[58.537918897999994, 'JJ']"
incumb,"[58.345921440000005, 'JJ']"
summari,"[58.24654315500001, 'JJ']"
industri,"[57.36783452099999, 'JJ']"
applic,"[56.80799385800001, 'JJ']"
visibl,"[56.732919579, 'JJ']"
proud,"[56.62889568200001, 'JJ']"
origin,"[56.27995557000003, 'JJ']"
histor,"[55.516678314, 'JJ']"
fast,"[55.439587677000006, 'JJ']"
awar,"[54.393084783000006, 'JJ']"
unclear,"[53.66377640900001, 'JJ']"
focus,"[53.503366613, 'JJ']"
technolog,"[52.62059193499999, 'JJ']"
strongest,"[52.476045138, 'JJS']"
incred,"[52.351990625, 'JJ']"
formal,"[51.935768735, 'JJ']"
broader,"[51.831075399, 'JJR']"
extens,"[51.670972986, 'JJ']"
mainstream,"[51.66015168999999, 'JJ']"
easi,"[51.520775671000024, 'JJ']"
domin,"[50.182148672000025, 'JJ']"
special,"[49.429989246, 'JJ']"
amaz,"[48.252999249999995, 'JJ']"
lead,"[48.008748697, 'JJ']"
q2,"[47.564826339999996, 'JJ']"
relev,"[47.37170389500001, 'JJ']"
profession,"[47.36244985299999, 'JJ']"
pessimist,"[46.937398705, 'JJ']"
larg,"[46.86398093400005, 'JJ']"
construct,"[46.666750115000006, 'JJ']"
co,"[46.337503403000014, 'JJ']"
inform,"[45.869986001, 'JJ']"
electron,"[45.68658910400002, 'JJ']"
tech,"[45.46146278400002, 'JJ']"
power,"[45.447734686000004, 'JJ']"
unfavor,"[44.89648249500001, 'JJ']"
comfort,"[44.311490038, 'JJ']"
whop,"[44.30498325599999, 'JJ']"
sexual,"[44.01286246, 'JJ']"
core,"[43.96917324100001, 'JJR']"
wild,"[43.573582969, 'JJ']"
yahoo,"[43.537907759000014, 'JJ']"
technic,"[43.48206249399999, 'JJ']"
underway,"[43.465219136, 'JJ']"
refin,"[43.41947896500001, 'JJ']"
vast,"[43.20598214500001, 'JJ']"
launch,"[43.183053107, 'JJ']"
straight,"[42.960556196, 'JJ']"
maximum,"[42.54775916, 'JJ']"
automat,"[42.478070291, 'JJ']"
cultur,"[42.464125475, 'JJ']"
transsept,"[42.0626896, 'JJ']"
statist,"[42.061245104, 'JJ']"
unchang,"[41.75809048400002, 'JJ']"
physic,"[41.535152587, 'JJ']"
use,"[41.46873271599999, 'JJ']"
common,"[41.43945880500001, 'JJ']"
address,"[41.324819401, 'JJ']"
server,"[41.000936439, 'JJ']"
respons,"[40.979725685, 'JJ']"
android,"[40.009542071, 'JJ']"
versus,"[39.835785715, 'JJ']"
gross,"[39.777383922999924, 'JJ']"
outsid,"[39.685550082999995, 'JJ']"
stellar,"[39.491018168, 'JJ']"
pro,"[39.253357230000006, 'JJ']"
exclus,"[39.234996643, 'JJ']"
virtual,"[39.213707272, 'JJ']"
atrial,"[39.123340424, 'JJ']"
extend,"[38.658216124, 'JJ']"
commerci,"[38.561754233000016, 'JJ']"
promis,"[38.300272289000006, 'JJ']"
definit,"[38.12381780300001, 'JJ']"
desir,"[38.121740497, 'JJ']"
weakest,"[37.958962361999994, 'JJS']"
upward,"[37.879851642, 'JJ']"
discret,"[37.737999864, 'JJ']"
appropri,"[37.298657091, 'JJ']"
rubl,"[36.954578064, 'JJ']"
discern,"[36.83794466, 'JJ']"
acut,"[36.83794466, 'JJ']"
transfemor,"[36.83794466, 'JJ']"
absolut,"[36.711490666, 'JJ']"
forese,"[36.43581246400001, 'JJ']"
app,"[36.405090218000005, 'JJ']"
proprietari,"[36.287661819, 'JJ']"
slower,"[36.19943004400001, 'JJR']"
entir,"[36.164835629, 'JJ']"
minim,"[35.816491029, 'JJ']"
administr,"[35.75609664899999, 'JJ']"
custom,"[35.700703578, 'JJ']"
q4,"[35.412556415, 'JJ']"
slowest,"[35.37688266, 'JJS']"
eighth,"[35.37688266, 'JJ']"
detail,"[35.354476993999995, 'JJ']"
artifici,"[35.24656065100006, 'JJ']"
process,"[35.199734476, 'JJ']"
central,"[35.162160359999994, 'JJ']"
reliabl,"[34.882642151, 'JJ']"
prefer,"[34.804512125, 'JJ']"
upgrad,"[34.776019219999995, 'JJ']"
approxim,"[34.687828710999995, 'JJ']"
widespread,"[34.29007936399999, 'JJ']"
soft,"[34.094676717999995, 'JJ']"
back,"[33.990249725, 'JJ']"
7th,"[33.7164751, 'JJ']"
specul,"[33.7164751, 'JJ']"
bankrupt,"[33.7164751, 'JJ']"
ces,"[33.7164751, 'JJ']"
distress,"[33.7164751, 'JJ']"
lost,"[33.7164751, 'JJ']"
bring,"[33.7164751, 'JJ']"
consol,"[33.251417035, 'JJ']"
giant,"[33.189303233, 'JJ']"
finest,"[33.180019356, 'JJS']"
effici,"[32.981285334000006, 'JJ']"
incent,"[32.97925914, 'JJ']"
hybrid,"[32.644937812, 'JJ']"
fantast,"[32.606038395, 'JJ']"
mix,"[32.522048794000014, 'JJ']"
aliv,"[32.424896898, 'JJ']"
programm,"[32.174852324, 'JJ']"
blue,"[32.033677424, 'JJ']"
numer,"[31.792345793000006, 'JJ']"
self,"[31.714961604000003, 'JJ']"
aggress,"[31.408974496, 'JJ']"
german,"[31.117436418999997, 'JJ']"
passiv,"[31.042428163000004, 'JJ']"
extraordinari,"[30.943022862000003, 'JJ']"
obvious,"[30.84705054, 'JJ']"
condit,"[30.800082266000008, 'JJ']"
come,"[30.652383099999998, 'JJ']"
classic,"[30.576498825999995, 'JJ']"
median,"[30.529611238999998, 'JJ']"
poor,"[30.224754287999996, 'JJ']"
healthi,"[30.183954313000005, 'JJ']"
rich,"[30.095541827, 'JJ']"
privat,"[30.043573050999996, 'JJ']"
calendar,"[29.409315636000002, 'JJ']"
forma,"[29.222011585000004, 'JJ']"
pleas,"[29.140187752000056, 'JJ']"
categori,"[29.096989968, 'JJ']"
secondari,"[29.092635031999997, 'JJ']"
respect,"[28.85373003, 'JJ']"
adjac,"[28.717895591, 'JJ']"
sensit,"[28.442363917999998, 'JJ']"
undergo,"[28.363825471000002, 'JJ']"
front,"[28.345844313, 'JJ']"
subsequ,"[28.282147431999995, 'JJ']"
ex,"[28.09854863, 'JJ']"
improv,"[28.035018803000003, 'JJ']"
substanti,"[27.766373390000012, 'JJ']"
fi,"[27.69670248, 'JJ']"
dens,"[27.63502351, 'JJ']"
www,"[27.540751076000006, 'JJ']"
target,"[27.44305082, 'JJ']"
develop,"[27.245048513000004, 'JJ']"
perpetu,"[27.123602303, 'JJ']"
help,"[27.076312158, 'JJ']"
newer,"[27.048105129999996, 'JJR']"
crucial,"[26.530228438000005, 'JJ']"
prompt,"[26.518590884, 'JJ']"
republican,"[26.504604387, 'JJ']"
optim,"[26.378580462, 'JJ']"
immens,"[26.161421278000002, 'JJ']"
seventh,"[26.135126465, 'JJ']"
dedic,"[26.07048902, 'JJ']"
readi,"[26.00741277499999, 'JJ']"
leak,"[25.977582635999998, 'JJ']"
hard,"[25.737091616000008, 'JJ']"
classifi,"[25.679790637, 'JJ']"
unifi,"[25.619066964, 'JJ']"
abund,"[25.535161593999998, 'JJ']"
welcom,"[25.485189742000003, 'JJ']"
i7,"[25.319690325999996, 'JJ']"
legisl,"[25.312506294, 'JJ']"
revamp,"[25.277247075, 'JJ']"
measur,"[25.27664532, 'JJ']"
spam,"[25.27664532, 'JJ']"
season,"[25.15810313599999, 'JJ']"
fake,"[24.993989722000006, 'JJ']"
dilut,"[24.624134250000004, 'JJ']"
commentari,"[24.619330138000002, 'JJ']"
imposs,"[24.501098582999997, 'JJ']"
nomin,"[24.310354496000002, 'JJ']"
qualifi,"[24.26229508, 'JJ']"
dynam,"[24.258829254000002, 'JJ']"
upfront,"[24.058783670999997, 'JJ']"
abus,"[24.058402192, 'JJ']"
fix,"[23.993654265, 'JJ']"
immateri,"[23.987954308, 'JJ']"
credibl,"[23.952457274, 'JJ']"
reduc,"[23.924244953, 'JJ']"
convent,"[23.782001497999996, 'JJ']"
preliminari,"[23.690200518999998, 'JJ']"
let,"[23.647182214, 'JJ']"
overbought,"[23.372491754, 'JJ']"
longest,"[23.336481695000003, 'JJS']"
longtim,"[23.326490709, 'JJ']"
random,"[23.268470658, 'JJ']"
neurolog,"[23.268470658, 'JJ']"
paravalvular,"[23.268470658, 'JJ']"
overweight,"[23.221605982, 'JJ']"
structur,"[23.123867918000013, 'JJ']"
thin,"[23.106277904, 'JJ']"
unlik,"[23.079349149999995, 'JJ']"
download,"[23.04054054, 'JJ']"
nimbl,"[23.016872651, 'JJ']"
forth,"[22.778907229, 'JJ']"
defens,"[22.762208753, 'JJ']"
nearbi,"[22.551587761, 'JJ']"
depend,"[22.498643404, 'JJ']"
e,"[22.441094943, 'JJ']"
light,"[22.389602481000004, 'JJ']"
prospect,"[22.34636872, 'JJ']"
curv,"[22.314394412000002, 'JJ']"
equival,"[22.286757662, 'JJ']"
distribut,"[22.260017891, 'JJ']"
advers,"[22.135205325999998, 'JJ']"
most,"[22.122270364, 'JJS']"
implant,"[22.067661920000003, 'JJ']"
scientif,"[21.815261750000005, 'JJ']"
paid,"[21.800507325999998, 'JJ']"
sophist,"[21.794432744000005, 'JJ']"
time,"[21.704350204, 'JJ']"
normal,"[21.696299307000007, 'JJ']"
rough,"[21.682794481999995, 'JJ']"
probabl,"[21.611107455, 'JJ']"
realist,"[21.609945881999998, 'JJ']"
oversea,"[21.579709755, 'JJ']"
unmet,"[21.448226151999997, 'JJ']"
access,"[21.427463126999996, 'JJ']"
proxi,"[21.270492271000002, 'JJ']"
odd,"[20.99329196, 'JJ']"
usual,"[20.888247965000005, 'JJ']"
receiv,"[20.884416531, 'JJ']"
yoy,"[20.784024113, 'JJ']"
flash,"[20.73020764, 'JJ']"
embed,"[20.476170150999998, 'JJ']"
spanish,"[20.46581029, 'JJ']"
enorm,"[20.414842271999998, 'JJ']"
enhanc,"[20.387203368999998, 'JJ']"
peak,"[20.353374298, 'JJ']"
screen,"[20.212082133, 'JJ']"
neglig,"[20.132074384, 'JJ']"
will,"[20.03962645, 'JJ']"
write,"[19.917456776999998, 'JJ']"
later,"[19.893903755, 'JJ']"
nice,"[19.851894244000007, 'JJ']"
presidenti,"[19.801324727, 'JJ']"
green,"[19.674270008, 'JJ']"
straightforward,"[19.618851249000002, 'JJ']"
q1,"[19.555187941, 'JJ']"
educ,"[19.555029782, 'JJ']"
flawless,"[19.54674221, 'JJ']"
poorer,"[19.44864048, 'JJR']"
harass,"[19.44864048, 'JJ']"
unlicens,"[19.44864048, 'JJ']"
protract,"[19.44864048, 'JJ']"
irregular,"[19.44864048, 'JJ']"
promot,"[19.44864048, 'JJ']"
entrench,"[19.44864048, 'JJ']"
toxic,"[19.44864048, 'JJ']"
eventu,"[19.44864048, 'JJ']"
taxi,"[19.44864048, 'JJ']"
neighbor,"[19.44864048, 'JJ']"
pragmat,"[19.44864048, 'JJ']"
predomin,"[19.44864048, 'JJ']"
nationalist,"[19.44864048, 'JJ']"
sens,"[19.44864048, 'JJ']"
ride,"[19.44864048, 'JJ']"
pour,"[19.44864048, 'JJ']"
love,"[19.328275412000004, 'JJ']"
afford,"[19.31700932, 'JJ']"
notabl,"[19.275746870000003, 'JJ']"
thought,"[19.211731843000003, 'JJ']"
inch,"[19.210136609, 'JJ']"
weight,"[18.991323854, 'JJ']"
email,"[18.770870393, 'JJ']"
cross,"[18.752118206000002, 'JJ']"
ambiti,"[18.662170663000005, 'JJ']"
hemodynam,"[18.515643669, 'JJ']"
inher,"[18.445600102999997, 'JJ']"
inadvis,"[18.41897233, 'JJ']"
stroke,"[18.41897233, 'JJ']"
inferior,"[18.41897233, 'JJ']"
label,"[18.41897233, 'JJ']"
surgeri,"[18.41897233, 'JJ']"
noninferior,"[18.41897233, 'JJ']"
symptomat,"[18.41897233, 'JJ']"
bioprosthet,"[18.41897233, 'JJ']"
spectacular,"[18.411701056, 'JJ']"
card,"[18.396154685, 'JJ']"
compon,"[18.366148668, 'JJ']"
elit,"[18.352168033999998, 'JJ']"
ill,"[18.327089419, 'JJ']"
icloud,"[18.290855020000002, 'JJ']"
upsid,"[18.217301718999998, 'JJ']"
favorit,"[18.19466416, 'JJ']"
fifth,"[18.157796992, 'JJ']"
30th,"[17.995630802, 'JJ']"
advanc,"[17.983781112999996, 'JJ']"
sell,"[17.976088965, 'JJ']"
your,"[17.918391483, 'JJ']"
ph,"[17.917034422, 'JJ']"
cardiovascular,"[17.816249019999994, 'JJ']"
interconnect,"[17.709990058, 'JJ']"
danger,"[17.709860772000003, 'JJ']"
commend,"[17.676143386, 'JJ']"
x86,"[17.615125540999998, 'JJ']"
enterpris,"[17.528500862, 'JJ']"
composit,"[17.487260067, 'JJ']"
tier,"[17.453551285, 'JJ']"
21st,"[17.441388071, 'JJ']"
brief,"[17.325080334, 'JJ']"
neutral,"[17.303890717, 'JJ']"
thread,"[17.245345195999995, 'JJ']"
quiet,"[17.126813191, 'JJ']"
radic,"[17.118805648, 'JJ']"
impair,"[17.097415506, 'JJ']"
slight,"[17.082942283, 'JJ']"
nm,"[17.077586601999997, 'JJ']"
ten,"[16.949714450000002, 'JJ']"
immedi,"[16.832984134999997, 'JJ']"
lucrat,"[16.829261643000002, 'JJ']"
offici,"[16.819855872999995, 'JJ']"
nativ,"[16.805295505, 'JJ']"
proven,"[16.770564852, 'JJ']"
transact,"[16.760571616, 'JJ']"
uptrend,"[16.755181704, 'JJ']"
roubl,"[16.721273426, 'JJ']"
necessari,"[16.628676434999996, 'JJ']"
post,"[16.5423246, 'JJ']"
newest,"[16.391358026999995, 'JJS']"
benefici,"[16.353412642000002, 'JJ']"
up,"[16.293440341, 'JJ']"
prize,"[16.226717434, 'JJ']"
viabl,"[16.222121621000003, 'JJ']"
half,"[16.207892832, 'JJ']"
sorri,"[16.03163526, 'JJ']"
incorrect,"[16.022682688, 'JJ']"
undu,"[16.022682688, 'JJ']"
assess,"[16.022682688, 'JJ']"
push,"[15.861666577000001, 'JJ']"
bold,"[15.746168266000002, 'JJ']"
predict,"[15.589867275, 'JJ']"
modular,"[15.576216699, 'JJ']"
scan,"[15.557852013000002, 'JJ']"
teen,"[15.536200757, 'JJ']"
turkish,"[15.52551243, 'JJ']"
choos,"[15.52551243, 'JJ']"
client,"[15.50387597, 'JJ']"
hesit,"[15.50387597, 'JJ']"
gradual,"[15.439485473999998, 'JJ']"
friend,"[15.430521723000002, 'JJ']"
loud,"[15.36036036, 'JJ']"
cumul,"[15.36036036, 'JJ']"
postpaid,"[15.36036036, 'JJ']"
tumultu,"[15.314273555000002, 'JJ']"
tepid,"[15.304034660999998, 'JJ']"
left,"[15.216970591, 'JJ']"
proper,"[15.179928028, 'JJ']"
sleek,"[15.117191754, 'JJ']"
dial,"[15.049204791, 'JJ']"
precis,"[15.019489193999998, 'JJ']"
unmatch,"[14.951408284, 'JJ']"
impend,"[14.899434646, 'JJ']"
insid,"[14.834823421, 'JJ']"
harder,"[14.761127183000003, 'JJR']"
pretti,"[14.712772848000004, 'JJ']"
standard,"[14.663575100999996, 'JJ']"
fellow,"[14.547399175999999, 'JJ']"
opportunist,"[14.536196683, 'JJ']"
cohes,"[14.52073915, 'JJ']"
direct,"[14.487703807000003, 'JJ']"
diagnos,"[14.473159655, 'JJ']"
physician,"[14.473159655, 'JJ']"
telephon,"[14.473159655, 'JJ']"
abrupt,"[14.292912871000002, 'JJ']"
trail,"[14.275423939, 'JJ']"
evid,"[14.198498062, 'JJ']"
start,"[14.191747546999999, 'JJ']"
instal,"[14.15296652, 'JJ']"
vs,"[14.084762895, 'JJ']"
lab,"[14.05835544, 'JJ']"
payback,"[14.05835544, 'JJ']"
micro,"[14.05835544, 'JJ']"
rampant,"[14.05835544, 'JJ']"
mistaken,"[14.05835544, 'JJ']"
intellig,"[13.989927639, 'JJ']"
viewer,"[13.84835124, 'JJR']"
spotti,"[13.84835124, 'JJ']"
virtuous,"[13.84835124, 'JJ']"
collaps,"[13.84835124, 'JJ']"
quater,"[13.84835124, 'JJ']"
worthwhil,"[13.84835124, 'JJ']"
muscular,"[13.84835124, 'JJ']"
nl3n1k93zt,"[13.84835124, 'JJ']"
ani,"[13.84835124, 'JJ']"
symbol,"[13.84835124, 'JJ']"
sci,"[13.84835124, 'JJ']"
unoffici,"[13.84835124, 'JJ']"
schedul,"[13.84835124, 'JJ']"
wishi,"[13.84835124, 'JJ']"
pediatr,"[13.84835124, 'JJ']"
fishi,"[13.84835124, 'JJ']"
ub,"[13.84835124, 'JJ']"
crude,"[13.84835124, 'JJ']"
ripe,"[13.84835124, 'JJ']"
pronounc,"[13.847313729, 'JJ']"
refurbish,"[13.829419888, 'JJ']"
than,"[13.744875813, 'JJ']"
perspect,"[13.655389825, 'JJ']"
strateg,"[13.52354612899996, 'JJ']"
list,"[13.421670943999999, 'JJ']"
dramat,"[13.398931037999999, 'JJ']"
logic,"[13.39046141, 'JJ']"
secular,"[13.309207191, 'JJ']"
dishonest,"[13.30150068, 'JJS']"
softer,"[13.30150068, 'JJR']"
anem,"[13.30150068, 'JJ']"
note,"[13.30150068, 'JJ']"
noto,"[13.30150068, 'JJ']"
unsur,"[13.30150068, 'JJ']"
anonym,"[13.30150068, 'JJ']"
resurrect,"[13.30150068, 'JJ']"
chicken,"[13.30150068, 'JJ']"
monitor,"[13.281061562, 'JJ']"
unlock,"[13.2731521, 'JJ']"
delay,"[13.02304872, 'JJ']"
buy,"[13.005678975, 'JJ']"
experiment,"[12.956365702, 'JJ']"
leas,"[12.956365702, 'JJ']"
heavi,"[12.94750267000001, 'JJ']"
foundat,"[12.93417537, 'JJ']"
unaudit,"[12.93417537, 'JJ']"
appar,"[12.909059803000002, 'JJ']"
procedur,"[12.764472838, 'JJ']"
louder,"[12.63832266, 'JJR']"
spambot,"[12.63832266, 'JJ']"
coloss,"[12.63832266, 'JJ']"
duplic,"[12.63832266, 'JJ']"
laundri,"[12.63832266, 'JJ']"
honest,"[12.63832266, 'JJ']"
mark,"[12.63832266, 'JJ']"
emarket,"[12.63832266, 'JJ']"
heighten,"[12.63832266, 'JJ']"
underst,"[12.63832266, 'JJ']"
charact,"[12.63832266, 'JJ']"
workabl,"[12.63832266, 'JJ']"
correspond,"[12.634965878000001, 'JJ']"
http,"[12.605084465, 'JJ']"
guy,"[12.580270835, 'JJ']"
latter,"[12.376830598999998, 'JJR']"
experienc,"[12.338581317, 'JJ']"
websit,"[12.306405729999996, 'JJ']"
guid,"[12.248979090999999, 'JJ']"
exact,"[12.244725743, 'JJ']"
smoke,"[12.13114754, 'JJ']"
hunch,"[12.13114754, 'JJ']"
minut,"[12.13114754, 'JJ']"
brilliant,"[12.13114754, 'JJ']"
stranger,"[12.13114754, 'JJ']"
assist,"[12.13114754, 'JJ']"
dire,"[12.13114754, 'JJ']"
doubt,"[12.13114754, 'JJ']"
smash,"[12.13114754, 'JJ']"
command,"[12.13114754, 'JJ']"
transfer,"[12.13114754, 'JJ']"
flip,"[12.13114754, 'JJ']"
repeat,"[12.13114754, 'JJ']"
forex,"[12.074148005, 'JJ']"
contra,"[12.074148005, 'JJ']"
trust,"[11.965055673, 'JJ']"
rife,"[11.945594322, 'JJ']"
busier,"[11.92589932, 'JJR']"
wherea,"[11.92589932, 'JJ']"
goodwil,"[11.92589932, 'JJ']"
intrins,"[11.92589932, 'JJ']"
awesom,"[11.92589932, 'JJ']"
synergist,"[11.92589932, 'JJ']"
buoyant,"[11.92589932, 'JJ']"
prime,"[11.913398506, 'JJ']"
demograph,"[11.888315763000001, 'JJ']"
acceler,"[11.882242596, 'JJ']"
black,"[11.856008048000003, 'JJ']"
own,"[11.7450571, 'JJ']"
margin,"[11.663100462999996, 'JJ']"
greatest,"[11.642059807, 'JJS']"
final,"[11.587378561, 'JJ']"
mean,"[11.570108182999999, 'JJ']"
complex,"[11.523777609000007, 'JJ']"
slow,"[11.496031879999997, 'JJ']"
keen,"[11.446224567, 'JJ']"
parallel,"[11.317829458, 'JJ']"
uncommon,"[11.317829458, 'JJ']"
acknowledg,"[11.308865505, 'JJ']"
mr,"[11.17318436, 'JJ']"
imagereadi,"[11.17318436, 'JJ']"
biomed,"[11.17318436, 'JJ']"
fda,"[11.17318436, 'JJ']"
customiz,"[11.17318436, 'JJ']"
revis,"[11.145531158, 'JJ']"
upload,"[11.137535152, 'JJ']"
convinc,"[11.082549572, 'JJ']"
materi,"[11.080321542000002, 'JJ']"
unsubsid,"[11.025982340999999, 'JJ']"
satur,"[11.025982340999999, 'JJ']"
decent,"[10.915233331000001, 'JJ']"
modern,"[10.904035821, 'JJ']"
handi,"[10.865703496, 'JJ']"
answer,"[10.862175767, 'JJ']"
fierc,"[10.756403841000001, 'JJ']"
watch,"[10.755401526, 'JJ']"
dead,"[10.709711356, 'JJ']"
intrigu,"[10.667049324, 'JJ']"
firm,"[10.619642644999999, 'JJ']"
transap,"[10.5156724, 'JJ']"
efficaci,"[10.5156724, 'JJ']"
uninterrupt,"[10.5156724, 'JJ']"
stent,"[10.5156724, 'JJ']"
underserv,"[10.5156724, 'JJ']"
recruit,"[10.5156724, 'JJ']"
show,"[10.5156724, 'JJ']"
mild,"[10.5156724, 'JJ']"
compound,"[10.5156724, 'JJ']"
coronari,"[10.5156724, 'JJ']"
ask,"[10.5156724, 'JJ']"
disciplin,"[10.5156724, 'JJ']"
yay,"[10.5156724, 'JJ']"
diversifi,"[10.5156724, 'JJ']"
entrepreneuri,"[10.494011611, 'JJ']"
compat,"[10.364783548, 'JJ']"
arbitrari,"[10.24327902, 'JJ']"
mobil,"[10.138341429000153, 'JJ']"
upper,"[10.104132060000001, 'JJ']"
impact,"[10.080067941, 'JJ']"
attribut,"[10.044322057, 'JJ']"
facial,"[10.043582382, 'JJ']"
ad,"[10.032829704000003, 'JJ']"
bona,"[9.923988515, 'JJ']"
comput,"[9.901689198, 'JJ']"
read,"[9.836800229, 'JJ']"
airborn,"[9.780356404, 'JJ']"
uplift,"[9.773371105, 'JJ']"
su,"[9.773371105, 'JJ']"
q,"[9.773371105, 'JJ']"
qoq,"[9.773371105, 'JJ']"
cryptograph,"[9.773371105, 'JJ']"
tripl,"[9.773371105, 'JJ']"
committ,"[9.773371105, 'JJ']"
downsid,"[9.773371105, 'JJ']"
breakeven,"[9.773371105, 'JJ']"
imac,"[9.773371105, 'JJ']"
bull,"[9.773371105, 'JJ']"
redesign,"[9.773371105, 'JJ']"
unabl,"[9.769024637999998, 'JJ']"
call,"[9.710357225, 'JJ']"
pancreat,"[9.698996656, 'JJ']"
spinal,"[9.698996656, 'JJ']"
therapeut,"[9.698996656, 'JJ']"
pelvic,"[9.698996656, 'JJ']"
venous,"[9.698996656, 'JJ']"
10th,"[9.574589964000001, 'JJ']"
halo,"[9.518549204, 'JJ']"
begin,"[9.518549204, 'JJ']"
peski,"[9.518549204, 'JJ']"
legitim,"[9.471033872, 'JJ']"
generic,"[9.450183272, 'JJ']"
pen,"[9.419152275, 'JJ']"
frame,"[9.415584416, 'JJ']"
fickl,"[9.369764589999999, 'JJ']"
transpar,"[9.323574307, 'JJ']"
hope,"[9.323574307, 'JJ']"
cubic,"[9.306716907, 'JJ']"
driven,"[9.298250614999999, 'JJ']"
give,"[9.234643756, 'JJ']"
iphon,"[9.174445967, 'JJ']"
residu,"[9.163250542, 'JJ']"
pharmaceut,"[9.163250542, 'JJ']"
supplement,"[9.160890118000001, 'JJ']"
exist,"[9.142154323, 'JJ']"
enthusiast,"[9.128076741, 'JJ']"
amend,"[9.051630072000002, 'JJ']"
watt,"[9.007633588, 'JJ']"
point,"[9.007633588, 'JJ']"
nest,"[8.997815401, 'JJS']"
outright,"[8.997815401, 'JJ']"
round,"[8.997815401, 'JJ']"
synchron,"[8.997815401, 'JJ']"
americananalyst,"[8.997815401, 'JJ']"
errat,"[8.997815401, 'JJ']"
impuls,"[8.997815401, 'JJ']"
trustabl,"[8.958517211, 'JJ']"
lessen,"[8.958517211, 'JJ']"
head,"[8.958517211, 'JJ']"
hear,"[8.958517211, 'JJ']"
agil,"[8.958517211, 'JJ']"
analyz,"[8.958517211, 'JJ']"
rub1,"[8.958517211, 'JJ']"
flap,"[8.958517211, 'JJ']"
undertak,"[8.958517211, 'JJ']"
english,"[8.958517211, 'JJ']"
twofold,"[8.958517211, 'JJ']"
madam,"[8.958517211, 'JJ']"
unspoken,"[8.958517211, 'JJ']"
inlin,"[8.958517211, 'JJ']"
implement,"[8.958517211, 'JJ']"
downward,"[8.927988185999997, 'JJ']"
quest,"[8.86214442, 'JJS']"
question,"[8.86214442, 'JJ']"
chipper,"[8.86214442, 'JJ']"
ancillari,"[8.86214442, 'JJ']"
passion,"[8.86214442, 'JJ']"
commodit,"[8.838071693, 'JJ']"
cerebr,"[8.806985583, 'JJ']"
okay,"[8.806985583, 'JJ']"
interim,"[8.806985583, 'JJ']"
pain,"[8.741084267, 'JJ']"
beauti,"[8.627154915, 'JJ']"
enjoy,"[8.62278358, 'JJ']"
unround,"[8.62278358, 'JJ']"
cover,"[8.62278358, 'JJ']"
wait,"[8.62278358, 'JJ']"
anxious,"[8.62278358, 'JJ']"
rigor,"[8.609325718, 'JJ']"
multiyear,"[8.568019849, 'JJ']"
divers,"[8.510732875, 'JJ']"
autom,"[8.503955735, 'JJ']"
simpl,"[8.495744391000002, 'JJ']"
tri,"[8.461304048999999, 'JJ']"
clinician,"[8.434224415, 'JJ']"
reliant,"[8.416833668, 'JJ']"
tesla,"[8.337819572999999, 'JJ']"
terrif,"[8.268879045, 'JJ']"
becom,"[8.268879045, 'JJ']"
valid,"[8.229803783, 'JJ']"
anniversari,"[8.182446608, 'JJ']"
expand,"[8.18054316, 'JJ']"
present,"[8.074412020999999, 'JJ']"
algorithm,"[7.924036994, 'JJ']"
embol,"[7.91497451, 'JJ']"
deliber,"[7.91497451, 'JJ']"
baselin,"[7.91497451, 'JJ']"
elimin,"[7.762756215, 'JJ']"
rental,"[7.762756215, 'JJ']"
maiden,"[7.762756215, 'JJ']"
simplic,"[7.762756215, 'JJ']"
method,"[7.762756215, 'JJ']"
chrome,"[7.762756215, 'JJ']"
aim,"[7.762756215, 'JJ']"
calcul,"[7.762756215, 'JJ']"
alexand,"[7.762756215, 'JJ']"
broadcast,"[7.762756215, 'JJ']"
rent,"[7.762756215, 'JJ']"
unfinish,"[7.762756215, 'JJ']"
inter,"[7.762756215, 'JJ']"
qtrli,"[7.762756215, 'JJ']"
util,"[7.762756215, 'JJ']"
search,"[7.762756215, 'JJ']"
pedestrian,"[7.762756215, 'JJ']"
experi,"[7.762756215, 'JJ']"
spend,"[7.762756215, 'JJ']"
bit,"[7.762756215, 'JJ']"
brent,"[7.762756215, 'JJ']"
account,"[7.762756215, 'JJ']"
lookalik,"[7.762756215, 'JJ']"
mention,"[7.762756215, 'JJ']"
offrussian,"[7.762756215, 'JJ']"
rural,"[7.762756215, 'JJ']"
fun,"[7.713740033, 'JJ']"
sharpest,"[7.68018018, 'JJS']"
counteract,"[7.68018018, 'JJ']"
drove,"[7.68018018, 'JJ']"
reflect,"[7.68018018, 'JJ']"
optic,"[7.68018018, 'JJ']"
crowdsourc,"[7.68018018, 'JJ']"
overag,"[7.68018018, 'JJ']"
indoor,"[7.68018018, 'JJ']"
want,"[7.673548836, 'JJ']"
counter,"[7.666939009, 'JJ']"
lag,"[7.606764074999999, 'JJ']"
recur,"[7.553495100999999, 'JJ']"
enabl,"[7.534735707, 'JJ']"
epic,"[7.518296739, 'JJ']"
occasion,"[7.420307343999999, 'JJ']"
suitabl,"[7.360206522, 'JJ']"
critic,"[7.342175212000004, 'JJ']"
minor,"[7.330465525999998, 'JJ']"
empti,"[7.221109667, 'JJ']"
irrelev,"[7.208914729, 'JJ']"
defin,"[7.152954759, 'JJ']"
busi,"[7.107842015999999, 'JJ']"
quicker,"[7.074228455999999, 'JJR']"
handl,"[7.057935913, 'JJ']"
mexican,"[7.032127611, 'JJ']"
adam,"[6.980225601, 'JJ']"
agre,"[6.9706855789999995, 'JJ']"
internet,"[6.920527676999998, 'JJ']"
incid,"[6.914709944, 'JJ']"
archriv,"[6.914709944, 'JJ']"
famous,"[6.878153199, 'JJ']"
ident,"[6.864385237, 'JJ']"
outsiz,"[6.846335267000001, 'JJ']"
multipl,"[6.8264000589999885, 'JJ']"
balanc,"[6.754685642, 'JJ']"
utter,"[6.63027895, 'JJ']"
french,"[6.574321025, 'JJ']"
clean,"[6.569749095000001, 'JJ']"
simplest,"[6.53736677, 'JJS']"
insuffici,"[6.465268382, 'JJ']"
swirl,"[6.399278954, 'JJ']"
concentr,"[6.381305475, 'JJ']"
individu,"[6.359241491000004, 'JJ']"
prudent,"[6.289161898000001, 'JJ']"
aforement,"[6.254421797999999, 'JJ']"
platform,"[6.234916436999999, 'JJ']"
tight,"[6.226891802999999, 'JJ']"
bloomberg,"[6.205894562, 'JJ']"
upscal,"[6.205894562, 'JJ']"
activist,"[6.205894562, 'JJ']"
sole,"[6.124503057, 'JJ']"
crazi,"[6.119266022, 'JJ']"
pure,"[6.117119671, 'JJ']"
assur,"[5.999241307, 'JJ']"
visa,"[5.999241307, 'JJ']"
messiest,"[5.972797161, 'JJS']"
hotter,"[5.972797161, 'JJR']"
palmer,"[5.972797161, 'JJR']"
concret,"[5.972797161, 'JJ']"
shot,"[5.972797161, 'JJ']"
lengthi,"[5.972797161, 'JJ']"
chosen,"[5.972797161, 'JJ']"
unsubstanti,"[5.972797161, 'JJ']"
secret,"[5.972117323999999, 'JJ']"
eager,"[5.9531984940000005, 'JJ']"
contrarian,"[5.8329811, 'JJ']"
cautionari,"[5.784253518000001, 'JJ']"
belief,"[5.784253518000001, 'JJ']"
noncash,"[5.699138502, 'JJ']"
paralyz,"[5.699138502, 'JJ']"
dismal,"[5.699138502, 'JJ']"
caus,"[5.699138502, 'JJ']"
latin,"[5.699138502, 'JJ']"
unimpress,"[5.699138502, 'JJ']"
112,"[5.699138502, 'JJ']"
horsepow,"[5.658914729, 'JJR']"
involv,"[5.658914729, 'JJ']"
accumul,"[5.658914729, 'JJ']"
sensibl,"[5.658914729, 'JJ']"
cold,"[5.658914729, 'JJ']"
blunt,"[5.658914729, 'JJ']"
pole,"[5.658914729, 'JJ']"
thousand,"[5.658914729, 'JJ']"
speech,"[5.658914729, 'JJ']"
decreas,"[5.658914729, 'JJ']"
breadth,"[5.658914729, 'JJ']"
signal,"[5.658914729, 'JJ']"
psycholog,"[5.658914729, 'JJ']"
mere,"[5.63399037, 'JJ']"
support,"[5.599471283, 'JJ']"
statistician,"[5.5857447350000005, 'JJ']"
relic,"[5.5857447350000005, 'JJ']"
legendari,"[5.5857447350000005, 'JJ']"
municip,"[5.536574212, 'JJ']"
perfect,"[5.527369954000003, 'JJ']"
regular,"[5.469932808999998, 'JJ']"
r7,"[5.437352246, 'JJ']"
rang,"[5.437352246, 'JJ']"
coil,"[5.437352246, 'JJ']"
lever,"[5.437352246, 'JJ']"
valu,"[5.437352246, 'JJ']"
purpl,"[5.437352246, 'JJ']"
versatil,"[5.437352246, 'JJ']"
premier,"[5.274386019, 'JJR']"
fold,"[5.274386019, 'JJ']"
richer,"[5.265446799999999, 'JJR']"
episod,"[5.260533087, 'JJ']"
intang,"[5.21839473, 'JJ']"
linear,"[5.1118911910000016, 'JJ']"
comprehens,"[5.085357929, 'JJ']"
result,"[5.012197826, 'JJ']"
yeah,"[4.9608238479999995, 'JJ']"
nascent,"[4.890178202, 'JJ']"
heavier,"[4.849498328, 'JJR']"
scarc,"[4.849498328, 'JJ']"
intraven,"[4.849498328, 'JJ']"
eastern,"[4.849498328, 'JJ']"
diagnost,"[4.849498328, 'JJ']"
inelig,"[4.849498328, 'JJ']"
4th,"[4.849498328, 'JJ']"
durabl,"[4.849498328, 'JJ']"
reusabl,"[4.849498328, 'JJ']"
repo,"[4.849498328, 'JJ']"
requir,"[4.849498328, 'JJ']"
outpati,"[4.849498328, 'JJ']"
endolumin,"[4.849498328, 'JJ']"
pivot,"[4.849498328, 'JJ']"
tail,"[4.849498328, 'JJ']"
novel,"[4.849498328, 'JJ']"
male,"[4.849498328, 'JJ']"
sneak,"[4.849498328, 'JJ']"
troublesom,"[4.849498328, 'JJ']"
appreci,"[4.849498328, 'JJ']"
greenfield,"[4.849498328, 'JJ']"
nan,"[4.849498328, 'JJ']"
sic,"[4.849498328, 'JJ']"
translumin,"[4.849498328, 'JJ']"
workflow,"[4.849498328, 'JJ']"
pulmonari,"[4.849498328, 'JJ']"
defib,"[4.849498328, 'JJ']"
settl,"[4.849498328, 'JJ']"
unsustain,"[4.838056615999999, 'JJ']"
care,"[4.791044107, 'JJ']"
discount,"[4.763038819, 'JJ']"
event,"[4.763038819, 'JJ']"
remedi,"[4.763038819, 'JJ']"
empow,"[4.725091636, 'JJR']"
sooth,"[4.725091636, 'JJ']"
shale,"[4.725091636, 'JJ']"
genet,"[4.725091636, 'JJ']"
u,"[4.725091636, 'JJ']"
believ,"[4.725091636, 'JJ']"
narrabo,"[4.725091636, 'JJ']"
pertin,"[4.725091636, 'JJ']"
maco,"[4.725091636, 'JJ']"
supplementari,"[4.707792208, 'JJ']"
snap,"[4.707792208, 'JJ']"
convers,"[4.707792208, 'JJ']"
tabl,"[4.688085074, 'JJ']"
unveil,"[4.679948858000001, 'JJ']"
featur,"[4.675211825, 'JJ']"
hold,"[4.667757859, 'JJ']"
twenti,"[4.604340067, 'JJ']"
q3,"[4.604340067, 'JJ']"
renegoti,"[4.5999999990000005, 'JJ']"
timothi,"[4.591537167, 'JJ']"
oppon,"[4.591537167, 'JJ']"
size,"[4.591537167, 'JJ']"
hug,"[4.591537167, 'JJ']"
speed,"[4.591537167, 'JJ']"
acrimoni,"[4.591537167, 'JJ']"
synthet,"[4.591537167, 'JJ']"
thermonuclear,"[4.591537167, 'JJ']"
unsold,"[4.581625271, 'JJ']"
exclud,"[4.581625271, 'JJ']"
unstructur,"[4.581625271, 'JJ']"
persona,"[4.581625271, 'JJ']"
quantum,"[4.581625271, 'JJ']"
proof,"[4.581625271, 'JJ']"
progress,"[4.581625271, 'JJ']"
ramp,"[4.581625271, 'JJ']"
asian,"[4.545464928000001, 'JJ']"
quieter,"[4.503816794, 'JJ']"
boutiqu,"[4.503816794, 'JJ']"
roi,"[4.503816794, 'JJ']"
preorder,"[4.503816794, 'JJ']"
coincident,"[4.503816794, 'JJ']"
untest,"[4.503816794, 'JJ']"
wane,"[4.503816794, 'JJ']"
adequ,"[4.503816794, 'JJ']"
pooh,"[4.503816794, 'JJ']"
insati,"[4.503816794, 'JJ']"
turbo,"[4.503816794, 'JJ']"
learn,"[4.503816794, 'JJ']"
academ,"[4.503816794, 'JJ']"
apt,"[4.503816794, 'JJ']"
overclock,"[4.503816794, 'JJ']"
140w,"[4.503816794, 'JJ']"
simplywal,"[4.503816794, 'JJ']"
need,"[4.503816794, 'JJ']"
overpr,"[4.503816794, 'JJ']"
monstrous,"[4.503816794, 'JJ']"
demo,"[4.503816794, 'JJ']"
dud,"[4.503816794, 'JJ']"
turnkey,"[4.412228176, 'JJ']"
folder,"[4.384667653, 'JJR']"
warm,"[4.384667653, 'JJ']"
hidden,"[4.384667653, 'JJ']"
iri,"[4.384667653, 'JJ']"
manual,"[4.384667653, 'JJ']"
gray,"[4.384667653, 'JJ']"
aloof,"[4.384667653, 'JJ']"
spark,"[4.384667653, 'JJ']"
irrever,"[4.384667653, 'JJ']"
poni,"[4.384667653, 'JJ']"
dread,"[4.384667653, 'JJ']"
imagin,"[4.384667653, 'JJ']"
paranoid,"[4.384667653, 'JJ']"
unrealist,"[4.384667653, 'JJ']"
send,"[4.384667653, 'JJ']"
elig,"[4.384667653, 'JJ']"
overkil,"[4.384667653, 'JJ']"
gear,"[4.384667653, 'JJ']"
wet,"[4.384667653, 'JJ']"
glorious,"[4.384667653, 'JJ']"
twist,"[4.384667653, 'JJ']"
closest,"[4.31139179, 'JJS']"
onshor,"[4.31139179, 'JJR']"
eco,"[4.31139179, 'JJ']"
side,"[4.31139179, 'JJ']"
debit,"[4.31139179, 'JJ']"
token,"[4.31139179, 'JJ']"
provid,"[4.31139179, 'JJ']"
fraction,"[4.31139179, 'JJ']"
imper,"[4.31139179, 'JJ']"
announc,"[4.31139179, 'JJ']"
badg,"[4.31139179, 'JJ']"
unforese,"[4.31139179, 'JJ']"
countless,"[4.31139179, 'JJ']"
pan,"[4.31139179, 'JJ']"
proactiv,"[4.31139179, 'JJ']"
see,"[4.31139179, 'JJ']"
vibrant,"[4.31139179, 'JJ']"
cashless,"[4.31139179, 'JJ']"
perform,"[4.31139179, 'JJ']"
euro,"[4.31139179, 'JJ']"
talent,"[4.31139179, 'JJ']"
usa,"[4.31139179, 'JJ']"
issu,"[4.31139179, 'JJ']"
segment,"[4.31139179, 'JJ']"
inbound,"[4.31139179, 'JJ']"
shabbi,"[4.31139179, 'JJ']"
awhil,"[4.31139179, 'JJ']"
conscious,"[4.305778629999999, 'JJ']"
younger,"[4.249229851, 'JJR']"
per,"[4.245254152999999, 'JJ']"
edgeless,"[4.242487262, 'JJ']"
resist,"[4.242487262, 'JJ']"
concept,"[4.242487262, 'JJ']"
frequent,"[4.242487262, 'JJ']"
sketchi,"[4.242487262, 'JJ']"
gorgeous,"[4.242487262, 'JJ']"
slim,"[4.242487262, 'JJ']"
oblong,"[4.242487262, 'JJ']"
microsdxc,"[4.242487262, 'JJ']"
bumpi,"[4.208416834, 'JJ']"
program,"[4.208416834, 'JJ']"
defer,"[4.1866995729999985, 'JJ']"
disrupt,"[4.17201826, 'JJ']"
unknown,"[4.107590552, 'JJ']"
bore,"[4.107066745, 'JJ']"
skeptic,"[4.098525347, 'JJ']"
hundr,"[4.042484014, 'JJ']"
treat,"[4.042484014, 'JJ']"
messeng,"[4.0394322460000005, 'JJR']"
forens,"[4.0394322460000005, 'JJ']"
matur,"[4.0394322460000005, 'JJ']"
siphon,"[4.0394322460000005, 'JJ']"
government,"[4.0394322460000005, 'JJ']"
bps,"[4.035045414, 'JJ']"
win,"[4.027084258999999, 'JJ']"
squar,"[4.0015113939999996, 'JJ']"
unforeseen,"[3.982300885, 'JJ']"
mandatori,"[3.982300885, 'JJ']"
indirect,"[3.982300885, 'JJ']"
suit,"[3.982300885, 'JJ']"
unlaw,"[3.982300885, 'JJ']"
terrestri,"[3.980583501, 'JJ']"
offset,"[3.957487255, 'JJR']"
risk,"[3.957487255, 'JJ']"
incorpor,"[3.957487255, 'JJ']"
healthcar,"[3.957487255, 'JJ']"
unsurpass,"[3.957487255, 'JJ']"
argu,"[3.957487255, 'JJ']"
contemporari,"[3.957487255, 'JJ']"
comp,"[3.957487255, 'JJ']"
ranch,"[3.957487255, 'JJ']"
tavr,"[3.957487255, 'JJ']"
referr,"[3.957487255, 'JJ']"
establish,"[3.957487255, 'JJ']"
glad,"[3.957487255, 'JJ']"
elder,"[3.957487255, 'JJ']"
vascular,"[3.957487255, 'JJ']"
captiv,"[3.957487255, 'JJ']"
medtron,"[3.957487255, 'JJ']"
annular,"[3.957487255, 'JJ']"
stupend,"[3.957487255, 'JJ']"
decid,"[3.957487255, 'JJ']"
skill,"[3.957487255, 'JJ']"
simpler,"[3.957487255, 'JJ']"
institut,"[3.948063794000003, 'JJ']"
cheapest,"[3.9093424800000003, 'JJS']"
instant,"[3.8130494759999984, 'JJ']"
sudden,"[3.7990990879999997, 'JJ']"
discuss,"[3.710849861, 'JJ']"
veteran,"[3.710849861, 'JJ']"
semit,"[3.710849861, 'JJ']"
tini,"[3.5959229, 'JJ']"
beta,"[3.457354972, 'JJ']"
hype,"[3.457354972, 'JJ']"
swift,"[3.433266081000001, 'JJ']"
ruinous,"[3.345802161, 'JJ']"
pay,"[3.345802161, 'JJ']"
hyper,"[3.345802161, 'JJ']"
navig,"[3.341429817, 'JJ']"
audio,"[3.3389820929999985, 'JJ']"
govern,"[3.3091711320000003, 'JJ']"
undisclos,"[3.200900378, 'JJ']"
centric,"[3.197778189000001, 'JJ']"
fit,"[3.1915845640000002, 'JJ']"
licens,"[3.17526043, 'JJ']"
super,"[3.1695129469999994, 'JJ']"
finger,"[3.139717425, 'JJR']"
portabl,"[3.139717425, 'JJ']"
vener,"[3.139717425, 'JJ']"
login,"[3.139717425, 'JJ']"
grown,"[3.139717425, 'JJ']"
form,"[3.139717425, 'JJ']"
temper,"[3.139717425, 'JJ']"
stupid,"[3.139717425, 'JJ']"
crazier,"[3.139717425, 'JJ']"
breed,"[3.139717425, 'JJ']"
adept,"[3.139717425, 'JJ']"
tout,"[3.139717425, 'JJ']"
touch,"[3.139717425, 'JJ']"
cool,"[3.139717425, 'JJ']"
interact,"[3.139717425, 'JJ']"
unconvert,"[3.139717425, 'JJ']"
peripher,"[3.139717425, 'JJ']"
granular,"[3.139717425, 'JJ']"
everywher,"[3.139717425, 'JJ']"
expans,"[3.139717425, 'JJ']"
stark,"[3.1295609790000007, 'JJ']"
reinvent,"[3.102947281, 'JJ']"
fragment,"[3.102947281, 'JJ']"
startl,"[3.102947281, 'JJ']"
urban,"[3.102947281, 'JJ']"
dot,"[3.102947281, 'JJ']"
nationwid,"[3.102947281, 'JJ']"
sleepi,"[3.102947281, 'JJ']"
sovid,"[3.102947281, 'JJ']"
chic,"[3.102947281, 'JJ']"
nicknam,"[3.102947281, 'JJ']"
toilet,"[3.102947281, 'JJ']"
dniemi1,"[3.102947281, 'JJ']"
audiobook,"[3.102947281, 'JJ']"
fanci,"[3.102947281, 'JJ']"
scari,"[3.102947281, 'JJ']"
dub,"[3.102947281, 'JJ']"
seamless,"[3.102947281, 'JJ']"
procur,"[3.102947281, 'JJ']"
untouch,"[3.102947281, 'JJ']"
marri,"[3.102947281, 'JJ']"
recept,"[3.102947281, 'JJ']"
mortar,"[3.102947281, 'JJ']"
unexpect,"[3.094556980000002, 'JJ']"
alreadi,"[3.0709888, 'JJ']"
grand,"[3.0709888, 'JJ']"
legal,"[3.050878247000006, 'JJ']"
brightest,"[3.048780488, 'JJS']"
router,"[3.048780488, 'JJR']"
blade,"[3.048780488, 'JJ']"
moder,"[3.048780488, 'JJ']"
shortest,"[2.91649055, 'JJS']"
forti,"[2.91649055, 'JJ']"
irrespons,"[2.91649055, 'JJ']"
snackabl,"[2.91649055, 'JJ']"
aw,"[2.91649055, 'JJ']"
omin,"[2.91649055, 'JJ']"
seventeen,"[2.91649055, 'JJ']"
leisur,"[2.91649055, 'JJ']"
engag,"[2.8769202089999997, 'JJ']"
typic,"[2.8611860840000007, 'JJ']"
relat,"[2.8289335600000083, 'JJ']"
fledgl,"[2.768287106, 'JJ']"
breakthrough,"[2.768287106, 'JJ']"
achiev,"[2.768287106, 'JJ']"
built,"[2.768287106, 'JJ']"
prestig,"[2.768287106, 'JJ']"
affluent,"[2.768287106, 'JJ']"
nonfinanci,"[2.768287106, 'JJ']"
promin,"[2.682395179999999, 'JJ']"
furious,"[2.6406217719999994, 'JJ']"
earliest,"[2.555647156, 'JJS']"
widespar,"[2.555647156, 'JJ']"
widespead,"[2.555647156, 'JJ']"
complic,"[2.5532695370000003, 'JJ']"
streamlin,"[2.506098913, 'JJ']"
fantasi,"[2.506098913, 'JJ']"
assum,"[2.506098913, 'JJ']"
stole,"[2.506098913, 'JJ']"
behavior,"[2.506098913, 'JJ']"
propos,"[2.506098913, 'JJ']"
investig,"[2.506098913, 'JJ']"
benefit,"[2.47793695, 'JJ']"
strang,"[2.456552655, 'JJ']"
sensefli,"[2.445089101, 'JJ']"
restrict,"[2.445089101, 'JJ']"
marin,"[2.445089101, 'JJ']"
paramount,"[2.445089101, 'JJ']"
equit,"[2.445089101, 'JJ']"
aerial,"[2.445089101, 'JJ']"
compliant,"[2.445089101, 'JJ']"
dumb,"[2.445089101, 'JJ']"
agricultur,"[2.445089101, 'JJ']"
prolif,"[2.445089101, 'JJ']"
move,"[2.445089101, 'JJ']"
unman,"[2.445089101, 'JJ']"
iot,"[2.445089101, 'JJ']"
drone,"[2.445089101, 'JJ']"
eweek,"[2.445089101, 'JJ']"
whisper,"[2.445089101, 'JJ']"
stay,"[2.445089101, 'JJ']"
usag,"[2.3862457689999985, 'JJ']"
rank,"[2.349252467, 'JJ']"
replac,"[2.3475437580000005, 'JJ']"
akin,"[2.344042537, 'JJ']"
sign,"[2.344042537, 'JJ']"
pursu,"[2.344042537, 'JJ']"
script,"[2.344042537, 'JJ']"
covet,"[2.344042537, 'JJ']"
leeri,"[2.344042537, 'JJ']"
macro,"[2.338303951, 'JJ']"
wherebi,"[2.265122265, 'JJ']"
curat,"[2.265122265, 'JJ']"
royalti,"[2.265122265, 'JJ']"
it,"[2.206114088, 'JJ']"
converg,"[2.206114088, 'JJ']"
17th,"[2.1915202760000003, 'JJ']"
clearest,"[2.121243631, 'JJS']"
switchabl,"[2.121243631, 'JJ']"
inadvert,"[2.121243631, 'JJ']"
protect,"[2.121243631, 'JJ']"
kept,"[2.121243631, 'JJ']"
stringent,"[2.121243631, 'JJ']"
usabl,"[2.121243631, 'JJ']"
unseen,"[2.121243631, 'JJ']"
compact,"[2.121243631, 'JJ']"
vagu,"[2.086383481, 'JJ']"
capabl,"[2.084645422000001, 'JJ']"
vital,"[2.043798457000001, 'JJ']"
complementari,"[2.0378132559999997, 'JJ']"
vulner,"[1.910849188, 'JJ']"
gravest,"[1.905187314, 'JJS']"
puni,"[1.905187314, 'JJ']"
discoveri,"[1.905187314, 'JJ']"
unwant,"[1.905187314, 'JJ']"
unstopp,"[1.905187314, 'JJ']"
broken,"[1.905187314, 'JJ']"
flaw,"[1.905187314, 'JJ']"
click,"[1.905187314, 'JJ']"
singular,"[1.905187314, 'JJ']"
labyrinthin,"[1.905187314, 'JJ']"
proflig,"[1.905187314, 'JJ']"
precoci,"[1.905187314, 'JJ']"
inexor,"[1.905187314, 'JJ']"
feroci,"[1.905187314, 'JJ']"
garish,"[1.905187314, 'JJ']"
tad,"[1.8927183700000008, 'JJ']"
fraught,"[1.873619719, 'JJ']"
vertigin,"[1.873619719, 'JJ']"
magic,"[1.873619719, 'JJ']"
demand,"[1.873619719, 'JJ']"
stuff,"[1.873619719, 'JJ']"
sick,"[1.8651889599999993, 'JJ']"
known,"[1.7896316580000002, 'JJ']"
polar,"[1.7243924569999998, 'JJ']"
resurg,"[1.690954083, 'JJ']"
safeguard,"[1.687849517, 'JJ']"
v,"[1.687849517, 'JJ']"
ubiquit,"[1.687849517, 'JJ']"
shade,"[1.687849517, 'JJ']"
oval,"[1.687849517, 'JJ']"
inc,"[1.687849517, 'JJ']"
advisori,"[1.6386565959999997, 'JJ']"
overblown,"[1.623405815, 'JJ']"
middl,"[1.5935000289999994, 'JJ']"
smallest,"[1.550014746, 'JJS']"
antimonopoli,"[1.55, 'JJ']"
repres,"[1.547163987999999, 'JJ']"
loftiest,"[1.5354944, 'JJS']"
wildest,"[1.5354944, 'JJS']"
gasolin,"[1.5354944, 'JJ']"
gull,"[1.5354944, 'JJ']"
pervas,"[1.5354944, 'JJ']"
architect,"[1.5354944, 'JJ']"
horizont,"[1.5354944, 'JJ']"
fleet,"[1.5354944, 'JJ']"
alien,"[1.5354944, 'JJ']"
rework,"[1.533333333, 'JJ']"
tentat,"[1.533333333, 'JJ']"
oversatur,"[1.533333333, 'JJ']"
certainti,"[1.533333333, 'JJ']"
ultim,"[1.4864331939999993, 'JJ']"
quit,"[1.455934125, 'JJ']"
compel,"[1.4294904100000005, 'JJ']"
approach,"[1.2192384700000005, 'JJ']"
allerg,"[1.2192384700000005, 'JJ']"
simultan,"[1.1777141189999996, 'JJ']"
simplifi,"[1.103057044, 'JJ']"
assembl,"[1.103057044, 'JJ']"
vex,"[1.103057044, 'JJ']"
deliv,"[1.103057044, 'JJ']"
azur,"[1.103057044, 'JJ']"
hyperconverg,"[1.103057044, 'JJ']"
prepackag,"[1.103057044, 'JJ']"
timet,"[1.103057044, 'JJ']"
seiz,"[1.103057044, 'JJ']"
over,"[1.0585649780000002, 'JJ']"
rosi,"[1.0345717309999998, 'JJ']"
un,"[1.0063289060000002, 'JJ']"
say,"[1.004119464, 'JJ']"
trendi,"[1.004119464, 'JJ']"
collar,"[1.004119464, 'JJ']"
more,"[0.8793015630000127, 'JJR']"
flexibl,"[0.8225662170000003, 'JJ']"
indian,"[0.8056235860000012, 'JJ']"
intact,"[0.7388605419999998, 'JJ']"
microsoft,"[0.724729816, 'JJ']"
crack,"[0.724729816, 'JJ']"
remot,"[0.6869668480000002, 'JJ']"
therapi,"[0.5760451359999994, 'JJ']"
intend,"[0.5760451359999994, 'JJ']"
conting,"[0.5760451359999994, 'JJ']"
styliz,"[0.5760451359999994, 'JJ']"
facilit,"[0.5760451359999994, 'JJ']"
explos,"[0.5742703909999989, 'JJ']"
action,"[0.5564500089999997, 'JJ']"
vertic,"[0.4660218150000004, 'JJ']"
repurchas,"[0.4458203250000006, 'JJ']"
holiday,"[0.44424507399999813, 'JJ']"
scalabl,"[0.4312139110000004, 'JJ']"
profil,"[0.4045676009999988, 'JJ']"
frozen,"[0.301014914, 'JJ']"
delic,"[0.29521554500000047, 'JJ']"
ultra,"[0.27724322999999984, 'JJ']"
creativ,"[0.1990438370000005, 'JJ']"
partial,"[0.1780135340000002, 'JJ']"
viral,"[0.1081203369999999, 'JJ']"
hospit,"[0.06993915000000017, 'JJ']"
unnam,"[0.04492809100000095, 'JJ']"
cyclic,"[-0.06567544900000044, 'JJ']"
coupl,"[-0.06670278899999982, 'JJ']"
malici,"[-0.08904104899999998, 'JJ']"
function,"[-0.10993460799999966, 'JJ']"
resili,"[-0.1732017170000013, 'JJ']"
oversold,"[-0.19766499400000015, 'JJ']"
renew,"[-0.2226278530000001, 'JJ']"
sluggish,"[-0.23535765000000097, 'JJ']"
suspici,"[-0.26274686, 'JJ']"
pull,"[-0.37029210100000043, 'JJ']"
impli,"[-0.38105080299999905, 'JJ']"
wrong,"[-0.4249625220000013, 'JJ']"
crypto,"[-0.46505806499999913, 'JJ']"
ambrish,"[-0.46505806499999913, 'JJ']"
downtown,"[-0.6619604429999999, 'JJ']"
extern,"[-0.702405725999999, 'JJ']"
inclin,"[-0.7699219799999995, 'JJ']"
riski,"[-0.7789780459999998, 'JJ']"
fish,"[-0.784600824, 'JJ']"
laudabl,"[-0.8967450530000001, 'JJ']"
consider,"[-0.953977181, 'JJ']"
elev,"[-0.9720700349999998, 'JJ']"
analyt,"[-0.9811100530000001, 'JJ']"
monetari,"[-1.0113298230000005, 'JJ']"
twelv,"[-1.042632303999989, 'JJ']"
thorough,"[-1.0587248369999998, 'JJ']"
afraid,"[-1.062148789, 'JJ']"
ampl,"[-1.1177311070000002, 'JJ']"
stricter,"[-1.192098093, 'JJR']"
hate,"[-1.192098093, 'JJ']"
immin,"[-1.192098093, 'JJ']"
hurt,"[-1.192098093, 'JJ']"
lax,"[-1.192098093, 'JJ']"
victori,"[-1.192098093, 'JJ']"
impract,"[-1.192098093, 'JJ']"
xenophob,"[-1.192098093, 'JJ']"
cooper,"[-1.192098093, 'JJ']"
ignor,"[-1.192098093, 'JJ']"
uneven,"[-1.192098093, 'JJ']"
peddl,"[-1.192098093, 'JJ']"
disclaim,"[-1.192098093, 'JJ']"
deceit,"[-1.192098093, 'JJ']"
divid,"[-1.192098093, 'JJ']"
unambiti,"[-1.192098093, 'JJ']"
nonprofit,"[-1.192098093, 'JJ']"
improp,"[-1.192098093, 'JJ']"
monopoli,"[-1.192098093, 'JJ']"
awkward,"[-1.192098093, 'JJ']"
programmat,"[-1.192098093, 'JJ']"
personalis,"[-1.192098093, 'JJ']"
savvi,"[-1.192098093, 'JJ']"
recogniz,"[-1.192098093, 'JJ']"
undetect,"[-1.192098093, 'JJ']"
parisian,"[-1.192098093, 'JJ']"
partisan,"[-1.192098093, 'JJ']"
terrorist,"[-1.192098093, 'JJ']"
unarm,"[-1.192098093, 'JJ']"
insert,"[-1.192098093, 'JJ']"
corros,"[-1.192098093, 'JJ']"
inexpens,"[-1.232367814, 'JJ']"
vari,"[-1.291578202, 'JJ']"
smartphon,"[-1.291578202, 'JJ']"
lousi,"[-1.291578202, 'JJ']"
refund,"[-1.291578202, 'JJ']"
escal,"[-1.291578202, 'JJ']"
embattl,"[-1.291578202, 'JJ']"
suppos,"[-1.291578202, 'JJ']"
level,"[-1.3499307089999992, 'JJ']"
problemat,"[-1.4512876170000002, 'JJ']"
vest,"[-1.4888538459999996, 'JJ']"
identifi,"[-1.5351184460000002, 'JJ']"
p,"[-1.615104397, 'JJ']"
cleaner,"[-1.758122253, 'JJR']"
rabid,"[-1.758122253, 'JJ']"
disinterest,"[-1.758122253, 'JJ']"
crafti,"[-1.758122253, 'JJ']"
hostil,"[-1.758122253, 'JJ']"
sound,"[-1.758122253, 'JJ']"
powerwal,"[-1.758122253, 'JJ']"
hectic,"[-1.758122253, 'JJ']"
cousin,"[-1.758122253, 'JJ']"
notic,"[-1.7801357299999996, 'JJ']"
tricki,"[-1.7930495799999986, 'JJ']"
payabl,"[-1.7986337089999989, 'JJ']"
wari,"[-1.8692446600000001, 'JJ']"
levi,"[-1.881918819, 'JJR']"
nondiscriminatori,"[-1.881918819, 'JJ']"
behaviour,"[-1.881918819, 'JJ']"
unhappi,"[-1.881918819, 'JJ']"
multijurisdict,"[-1.881918819, 'JJ']"
unfavour,"[-1.881918819, 'JJ']"
unnecessarili,"[-1.881918819, 'JJ']"
indic,"[-1.9467657559999978, 'JJ']"
control,"[-1.9762372969999995, 'JJ']"
architectur,"[-2.0527687909999983, 'JJ']"
mechan,"[-2.0814479849999996, 'JJ']"
valv,"[-2.0814479849999996, 'JJ']"
boldest,"[-2.2182475619999997, 'JJS']"
go,"[-2.3234546599999994, 'JJ']"
persist,"[-2.3456103939999977, 'JJ']"
wide,"[-2.3523245220000017, 'JJ']"
execut,"[-2.3647236780000003, 'JJ']"
unparallel,"[-2.36516755, 'JJ']"
dismiss,"[-2.384196186, 'JJ']"
restrain,"[-2.384196186, 'JJ']"
bipartisan,"[-2.384196186, 'JJ']"
yes,"[-2.4756729550000003, 'JJR']"
neo,"[-2.564102564, 'JJ']"
undervalu,"[-2.564102564, 'JJ']"
tradabl,"[-2.564102564, 'JJ']"
harm,"[-2.564102564, 'JJ']"
systemat,"[-2.564102564, 'JJ']"
grate,"[-2.564102564, 'JJ']"
longstand,"[-2.583156404, 'JJ']"
nonrefund,"[-2.583156404, 'JJ']"
refresh,"[-2.633040607, 'JJ']"
tremend,"[-2.709883948999999, 'JJ']"
avoid,"[-2.751089827, 'JJ']"
sequenti,"[-2.7731351080000017, 'JJ']"
civic,"[-2.801522431, 'JJ']"
customari,"[-2.801522431, 'JJ']"
stick,"[-2.801522431, 'JJ']"
freemium,"[-2.801522431, 'JJ']"
foul,"[-2.801932367, 'JJ']"
cult,"[-2.801932367, 'JJ']"
moral,"[-2.801932367, 'JJ']"
gigant,"[-2.801932367, 'JJ']"
funni,"[-2.801932367, 'JJ']"
unapologet,"[-2.801932367, 'JJ']"
acclaim,"[-2.801932367, 'JJ']"
distast,"[-2.801932367, 'JJ']"
slutti,"[-2.801932367, 'JJ']"
reconcil,"[-2.801932367, 'JJ']"
stream,"[-2.801932367, 'JJ']"
fascist,"[-2.801932367, 'JJ']"
nazi,"[-2.801932367, 'JJ']"
genocid,"[-2.801932367, 'JJ']"
stereotyp,"[-2.801932367, 'JJ']"
outrag,"[-2.801932367, 'JJ']"
ok,"[-2.801932367, 'JJ']"
nurs,"[-2.801932367, 'JJ']"
racist,"[-2.801932367, 'JJ']"
idiot,"[-2.801932367, 'JJ']"
uninvit,"[-2.801932367, 'JJ']"
prejudic,"[-2.801932367, 'JJ']"
benign,"[-2.801932367, 'JJ']"
pale,"[-2.801932367, 'JJ']"
f,"[-2.801932367, 'JJ']"
paleoconserv,"[-2.801932367, 'JJ']"
terribl,"[-2.801932367, 'JJ']"
forev,"[-2.801932367, 'JJ']"
iffi,"[-2.842123564, 'JJ']"
illog,"[-2.842123564, 'JJ']"
steep,"[-2.8865745929999953, 'JJ']"
depth,"[-3.0860074689999992, 'JJ']"
illustr,"[-3.155465878, 'JJ']"
deduct,"[-3.155465878, 'JJ']"
extremist,"[-3.155465878, 'JJ']"
percentil,"[-3.155465878, 'JJ']"
contenti,"[-3.171544631, 'JJ']"
dong,"[-3.171544631, 'JJ']"
impeach,"[-3.171544631, 'JJ']"
deputi,"[-3.171544631, 'JJ']"
uncertain,"[-3.1888625880000006, 'JJ']"
dive,"[-3.242649079, 'JJ']"
quad,"[-3.242649079, 'JJ']"
sizeabl,"[-3.242649079, 'JJ']"
accept,"[-3.2659999190000004, 'JJ']"
everyday,"[-3.28663889, 'JJ']"
jitteri,"[-3.302953914, 'JJ']"
scath,"[-3.302953914, 'JJ']"
correl,"[-3.302953914, 'JJ']"
offshor,"[-3.302953914, 'JJ']"
fear,"[-3.302953914, 'JJ']"
ordinari,"[-3.326102675, 'JJ']"
div,"[-3.326102675, 'JJ']"
wholesal,"[-3.326102675, 'JJ']"
univers,"[-3.326102675, 'JJ']"
share,"[-3.326102675, 'JJ']"
ndaq,"[-3.326102675, 'JJ']"
uptick,"[-3.326102675, 'JJ']"
useabl,"[-3.326102675, 'JJ']"
placehold,"[-3.326102675, 'JJ']"
simplist,"[-3.326102675, 'JJ']"
nasdaq,"[-3.326102675, 'JJ']"
28th,"[-3.326102675, 'JJ']"
code,"[-3.326102675, 'JJ']"
exorbit,"[-3.326102675, 'JJ']"
wish,"[-3.326102675, 'JJ']"
unpreced,"[-3.363892332000001, 'JJ']"
fewer,"[-3.367836456999992, 'JJR']"
mind,"[-3.3756247690000003, 'JJ']"
fossil,"[-3.516244506, 'JJ']"
detriment,"[-3.572531248, 'JJ']"
traffic,"[-3.572531248, 'JJ']"
wonki,"[-3.572531248, 'JJ']"
unquestion,"[-3.572531248, 'JJ']"
vigor,"[-3.572531248, 'JJ']"
exempt,"[-3.576294279, 'JJ']"
extra,"[-3.5990619540000033, 'JJ']"
differenti,"[-3.673342139, 'JJ']"
digest,"[-3.736348476, 'JJS']"
rhythm,"[-3.753539476, 'JJ']"
unorthodox,"[-3.764907724, 'JJ']"
amazon,"[-3.764907724, 'JJ']"
crosstown,"[-3.764907724, 'JJ']"
harsh,"[-3.764907724, 'JJ']"
wither,"[-3.764907724, 'JJ']"
bumper,"[-3.764907724, 'JJ']"
financ,"[-3.764907724, 'JJ']"
commerc,"[-3.764907724, 'JJ']"
furnish,"[-3.764907724, 'JJ']"
grow,"[-3.764907724, 'JJ']"
lean,"[-3.764907724, 'JJ']"
encor,"[-3.887548105, 'JJ']"
needl,"[-3.887548105, 'JJ']"
serial,"[-3.959147382, 'JJ']"
fiction,"[-3.9940304600000003, 'JJ']"
democrat,"[-4.039310821000001, 'JJ']"
shipment,"[-4.069616571999999, 'JJ']"
voter,"[-4.134366925, 'JJR']"
shadowi,"[-4.134366925, 'JJ']"
spread,"[-4.134366925, 'JJ']"
covert,"[-4.134366925, 'JJ']"
spi,"[-4.134366925, 'JJ']"
outcom,"[-4.134366925, 'JJ']"
imperfect,"[-4.134366925, 'JJ']"
fatal,"[-4.134366925, 'JJ']"
nomine,"[-4.134366925, 'JJ']"
unidentifi,"[-4.134366925, 'JJ']"
immigr,"[-4.134366925, 'JJ']"
assert,"[-4.134366925, 'JJ']"
fide,"[-4.134366925, 'JJ']"
adversari,"[-4.134366925, 'JJ']"
week,"[-4.366470795000001, 'JJ']"
stagnant,"[-4.40544807, 'JJ']"
unlisten,"[-4.421326398, 'JJ']"
perceiv,"[-4.421326398, 'JJ']"
exploit,"[-4.421326398, 'JJ']"
ap,"[-4.503024074000001, 'JJ']"
human,"[-4.587700595, 'JJ']"
flatter,"[-4.58984375, 'JJR']"
underwrit,"[-4.58984375, 'JJ']"
messi,"[-4.58984375, 'JJ']"
unmotiv,"[-4.58984375, 'JJ']"
nich,"[-4.58984375, 'JJ']"
few,"[-4.58984375, 'JJ']"
salient,"[-4.58984375, 'JJ']"
tactic,"[-4.58984375, 'JJ']"
batteri,"[-4.58984375, 'JJ']"
volatil,"[-4.6388487739999995, 'JJ']"
rewritten,"[-4.663336663, 'JJ']"
paradigm,"[-4.663336663, 'JJ']"
cute,"[-4.663336663, 'JJ']"
commonplac,"[-4.663336663, 'JJ']"
hit,"[-4.663336663, 'JJ']"
imag,"[-4.663336663, 'JJ']"
humanoid,"[-4.663336663, 'JJ']"
sing,"[-4.663336663, 'JJ']"
express,"[-4.663336663, 'JJ']"
plus,"[-4.73695609, 'JJ']"
cognit,"[-4.7413083, 'JJ']"
bogus,"[-4.768392372, 'JJ']"
dark,"[-4.8097559290000005, 'JJ']"
correct,"[-4.850897331999997, 'JJ']"
slick,"[-4.895996860999999, 'JJ']"
insignific,"[-4.916201117, 'JJ']"
undeni,"[-4.916201117, 'JJ']"
factset,"[-4.916201117, 'JJ']"
poll,"[-4.916201117, 'JJ']"
retrac,"[-4.916201117, 'JJ']"
vendor,"[-4.916201117, 'JJ']"
webcast,"[-4.957005817, 'JJ']"
oldest,"[-4.971282248, 'JJS']"
type,"[-5.016212092, 'JJ']"
beleagu,"[-5.016212092, 'JJ']"
inhospit,"[-5.016212092, 'JJ']"
unsurpris,"[-5.016212092, 'JJ']"
pend,"[-5.016212092, 'JJ']"
ryan,"[-5.016212092, 'JJ']"
unus,"[-5.016212092, 'JJ']"
startup,"[-5.016212092, 'JJ']"
go90,"[-5.016212092, 'JJ']"
millenni,"[-5.016212092, 'JJ']"
confidenti,"[-5.05023632, 'JJ']"
western,"[-5.155727609, 'JJ']"
stuck,"[-5.155727609, 'JJ']"
sticki,"[-5.155727609, 'JJ']"
underpaid,"[-5.155727609, 'JJ']"
nervous,"[-5.155727609, 'JJ']"
memori,"[-5.155727609, 'JJ']"
such,"[-5.263128981000001, 'JJ']"
rooftop,"[-5.274366759, 'JJ']"
hack,"[-5.326465018, 'JJ']"
ideolog,"[-5.326465018, 'JJ']"
boom,"[-5.336614037, 'JJ']"
extrem,"[-5.418296149, 'JJ']"
offens,"[-5.454921799, 'JJ']"
isol,"[-5.555756171999999, 'JJ']"
silli,"[-5.565965583, 'JJ']"
theatric,"[-5.565965583, 'JJ']"
touchscreen,"[-5.565965583, 'JJ']"
crown,"[-5.565965583, 'JJ']"
ninth,"[-5.565965583, 'JJ']"
absurd,"[-5.565965583, 'JJ']"
meter,"[-5.603044862, 'JJ']"
paywal,"[-5.603044862, 'JJ']"
distort,"[-5.603864734, 'JJ']"
skin,"[-5.603864734, 'JJ']"
unaccept,"[-5.603864734, 'JJ']"
vega,"[-5.734612376, 'JJ']"
amd,"[-5.734612376, 'JJ']"
ryzen,"[-5.734612376, 'JJ']"
infam,"[-5.770592020999999, 'JJ']"
british,"[-5.868195707, 'JJ']"
wonder,"[-5.92703738, 'JJ']"
prove,"[-6.03893524, 'JJ']"
disconnect,"[-6.03893524, 'JJ']"
exhaust,"[-6.03893524, 'JJ']"
solvabl,"[-6.03893524, 'JJ']"
sheath,"[-6.03893524, 'JJ']"
unimpl,"[-6.03893524, 'JJ']"
cent,"[-6.03893524, 'JJ']"
youngest,"[-6.080391013, 'JJS']"
smarter,"[-6.080391013, 'JJR']"
toler,"[-6.080391013, 'JJ']"
unstabl,"[-6.080391013, 'JJ']"
phenomen,"[-6.080391013, 'JJ']"
amen,"[-6.080391013, 'JJ']"
finish,"[-6.080391013, 'JJ']"
lobbyist,"[-6.080391013, 'JJ']"
sham,"[-6.080391013, 'JJ']"
mysteri,"[-6.080391013, 'JJ']"
plain,"[-6.080391013, 'JJ']"
broadest,"[-6.09152752, 'JJS']"
cyber,"[-6.09152752, 'JJ']"
observ,"[-6.09152752, 'JJ']"
solo,"[-6.09152752, 'JJ']"
opposit,"[-6.156172708, 'JJ']"
satellit,"[-6.208310185, 'JJ']"
civil,"[-6.2294827900000005, 'JJ']"
predetermin,"[-6.310931756, 'JJ']"
set,"[-6.310931756, 'JJ']"
jail,"[-6.343089262, 'JJ']"
constitut,"[-6.343089262, 'JJ']"
illicit,"[-6.343089262, 'JJ']"
smooth,"[-6.343089262, 'JJ']"
subdu,"[-6.457264379, 'JJ']"
cite,"[-6.496517474999999, 'JJ']"
conclus,"[-6.497647306, 'JJ']"
mutual,"[-6.605907828, 'JJ']"
unconvinc,"[-6.65220535, 'JJ']"
happier,"[-6.799909839, 'JJR']"
catastroph,"[-6.855198286, 'JJ']"
els,"[-6.898633923, 'JJ']"
arch,"[-6.984126984, 'JJ']"
onboard,"[-6.984126984, 'JJ']"
empt,"[-6.984126984, 'JJ']"
frustrat,"[-6.984126984, 'JJ']"
silent,"[-6.984126984, 'JJ']"
clueless,"[-6.984126984, 'JJ']"
spontan,"[-6.984126984, 'JJ']"
bottomless,"[-6.984126984, 'JJ']"
urg,"[-6.984126984, 'JJ']"
stagger,"[-6.984126984, 'JJ']"
pointless,"[-6.984126984, 'JJ']"
mega,"[-7.0603971240000005, 'JJ']"
enough,"[-7.079440371000004, 'JJ']"
supplier,"[-7.214665878, 'JJR']"
end,"[-7.214665878, 'JJ']"
fluid,"[-7.214665878, 'JJ']"
beholden,"[-7.214665878, 'JJ']"
switch,"[-7.214665878, 'JJ']"
mediocr,"[-7.214665878, 'JJ']"
unprofit,"[-7.227439227, 'JJ']"
icon,"[-7.364380984999999, 'JJ']"
flourish,"[-7.529815448, 'JJ']"
red,"[-7.572031932, 'JJ']"
transform,"[-7.584839177999999, 'JJ']"
rare,"[-7.599778653999998, 'JJ']"
residenti,"[-7.838513266, 'JJ']"
north,"[-7.95124793, 'JJ']"
fals,"[-8.019158048000001, 'JJ']"
glitchi,"[-8.035714286, 'JJ']"
appear,"[-8.035714286, 'JJ']"
weird,"[-8.035714286, 'JJ']"
rave,"[-8.035714286, 'JJ']"
char,"[-8.035714286, 'JJ']"
inflamm,"[-8.035714286, 'JJ']"
batter,"[-8.035714286, 'JJ']"
safest,"[-8.035714286, 'JJ']"
healthier,"[-8.111821916, 'JJR']"
design,"[-8.117185539, 'JJ']"
ridicul,"[-8.176225077, 'JJ']"
phoni,"[-8.26873385, 'JJ']"
cynic,"[-8.26873385, 'JJ']"
generous,"[-8.397252726000001, 'JJ']"
deeper,"[-8.410077721999997, 'JJR']"
practic,"[-8.439464115, 'JJ']"
distinct,"[-8.475723706, 'JJ']"
affect,"[-8.58874334, 'JJ']"
intervent,"[-8.603037804, 'JJ']"
unrestrict,"[-8.65048344, 'JJ']"
canadian,"[-8.762495259, 'JJ']"
steadi,"[-8.769027768, 'JJ']"
overhead,"[-8.920635333, 'JJ']"
desper,"[-8.943582265, 'JJ']"
stabil,"[-8.976441917, 'JJ']"
macroeconom,"[-9.17165584, 'JJ']"
justifi,"[-9.1796875, 'JJ']"
heat,"[-9.327292488, 'JJ']"
gargantuan,"[-9.375783404, 'JJ']"
fade,"[-9.375783404, 'JJ']"
immers,"[-9.375783404, 'JJ']"
ration,"[-9.409594095, 'JJ']"
graphic,"[-9.505441529999999, 'JJ']"
equestrian,"[-9.514633893000001, 'JJ']"
crimin,"[-9.514633893000001, 'JJ']"
secur,"[-9.576830558000001, 'JJ']"
ir,"[-9.662384034, 'JJ']"
web,"[-9.691188944, 'JJ']"
forthcom,"[-9.734589609, 'JJ']"
temporari,"[-9.757611086999999, 'JJ']"
narrat,"[-9.845298737, 'JJ']"
bubbl,"[-9.908861742000001, 'JJ']"
weigh,"[-9.908861742000001, 'JJ']"
fang,"[-9.908861742000001, 'JJ']"
suffici,"[-9.937933847, 'JJ']"
unrel,"[-9.939627264, 'JJ']"
https,"[-9.939627264, 'JJ']"
dispatchtribun,"[-9.939627264, 'JJ']"
flagship,"[-9.939627264, 'JJ']"
antipodean,"[-9.939627264, 'JJ']"
biolog,"[-9.939627264, 'JJ']"
harden,"[-9.939627264, 'JJ']"
unanticip,"[-9.939627264, 'JJ']"
stock,"[-9.939627264, 'JJ']"
driverless,"[-10.008139899, 'JJ']"
wirelin,"[-10.032424184, 'JJ']"
stiff,"[-10.032424184, 'JJ']"
illeg,"[-10.058143896, 'JJ']"
huge,"[-10.128796804999997, 'JJ']"
work,"[-10.23842917, 'JJ']"
com,"[-10.23842917, 'JJ']"
timefram,"[-10.23842917, 'JJ']"
qualit,"[-10.23842917, 'JJ']"
flattish,"[-10.23842917, 'JJ']"
node,"[-10.23842917, 'JJ']"
channel,"[-10.23842917, 'JJ']"
forgiv,"[-10.23842917, 'JJ']"
notebook,"[-10.23842917, 'JJ']"
generat,"[-10.23842917, 'JJ']"
tangibl,"[-10.23842917, 'JJ']"
lesser,"[-10.253571458, 'JJR']"
solar,"[-10.393619405000045, 'JJ']"
contrari,"[-10.50883054, 'JJ']"
includ,"[-10.517619792, 'JJ']"
advertis,"[-10.54676781, 'JJ']"
opaqu,"[-10.556658232, 'JJ']"
fourth,"[-10.88348811699997, 'JJ']"
wealthiest,"[-11.131931166, 'JJS']"
market,"[-11.247474772, 'JJ']"
multi,"[-11.527934169, 'JJ']"
patent,"[-11.530007372, 'JJ']"
aggreg,"[-11.562342065, 'JJ']"
worri,"[-11.569483820999999, 'JJ']"
hefti,"[-11.570672397, 'JJ']"
strict,"[-11.75997959, 'JJ']"
commit,"[-12.000014647, 'JJ']"
understand,"[-12.000339076, 'JJ']"
fortun,"[-12.073667529, 'JJ']"
lotus,"[-12.07787048, 'JJ']"
further,"[-12.07787048, 'JJ']"
tweet,"[-12.08226221, 'JJ']"
underperform,"[-12.08226221, 'JJ']"
tens,"[-12.08226221, 'JJ']"
product,"[-12.089127686999998, 'JJ']"
lacklust,"[-12.128706508, 'JJ']"
accru,"[-12.160782026, 'JJ']"
infinit,"[-12.160782026, 'JJ']"
satisfactori,"[-12.160782026, 'JJ']"
soviet,"[-12.403100775, 'JJ']"
underweight,"[-12.41846747, 'JJ']"
state,"[-12.41846747, 'JJ']"
weaker,"[-12.511207013000002, 'JJR']"
wider,"[-12.524933632000002, 'JJR']"
unreason,"[-12.849762679, 'JJ']"
straw,"[-12.90106952, 'JJ']"
underwhelm,"[-12.90106952, 'JJ']"
mislead,"[-12.90106952, 'JJ']"
sweep,"[-12.90106952, 'JJ']"
bloat,"[-12.90106952, 'JJ']"
sky,"[-12.90106952, 'JJ']"
bad,"[-13.060489963000023, 'JJ']"
smart,"[-13.222298475000006, 'JJ']"
hottest,"[-13.302786393999998, 'JJS']"
author,"[-13.306193398, 'JJ']"
laptop,"[-13.396769211999997, 'JJ']"
geograph,"[-13.508219101999998, 'JJ']"
quantit,"[-13.564531845, 'JJ']"
hyperscal,"[-13.564531845, 'JJ']"
fine,"[-13.767187516, 'JJ']"
outdat,"[-13.797975618999999, 'JJ']"
unproven,"[-13.843024162999999, 'JJ']"
safer,"[-13.916517075999998, 'JJR']"
perman,"[-13.925529967, 'JJ']"
fumbl,"[-13.968253968, 'JJ']"
robot,"[-13.990009989, 'JJ']"
monopolist,"[-14.40270996, 'JJ']"
japanes,"[-14.488383275, 'JJ']"
overwhelm,"[-14.596672744, 'JJ']"
burst,"[-15.01984127, 'JJ']"
sixth,"[-15.217577654, 'JJ']"
text,"[-15.249415111000001, 'JJ']"
overnight,"[-15.250380164, 'JJ']"
hungri,"[-15.36693047, 'JJ']"
alleg,"[-15.724815517, 'JJ']"
tougher,"[-15.774346897000001, 'JJR']"
unpredict,"[-15.847169934, 'JJ']"
southern,"[-15.857723155, 'JJ']"
quietest,"[-15.95270996, 'JJS']"
bruis,"[-15.95270996, 'JJ']"
lte,"[-15.95270996, 'JJ']"
nasti,"[-15.95270996, 'JJ']"
devic,"[-15.95270996, 'JJ']"
lucki,"[-15.95270996, 'JJ']"
contractu,"[-15.95270996, 'JJ']"
homegrown,"[-15.95270996, 'JJ']"
sub,"[-15.95270996, 'JJ']"
expir,"[-15.95270996, 'JJ']"
spent,"[-15.95270996, 'JJ']"
manufactur,"[-15.95270996, 'JJ']"
sloppi,"[-16.071428572, 'JJ']"
immun,"[-16.071428572, 'JJ']"
unintend,"[-16.071428572, 'JJ']"
mathemat,"[-16.071428572, 'JJ']"
deploy,"[-16.27736441, 'JJ']"
troubl,"[-16.304448135999998, 'JJ']"
connect,"[-16.461349139, 'JJ']"
1st,"[-16.630513375, 'JJ']"
intens,"[-16.694711132000002, 'JJ']"
io,"[-16.809134586, 'JJ']"
taiwanes,"[-16.937269370999996, 'JJ']"
bear,"[-17.00831122, 'JJ']"
inaccur,"[-17.035436445000002, 'JJ']"
conveni,"[-17.055175959, 'JJ']"
anticip,"[-17.349433222000002, 'JJ']"
altern,"[-17.483251237, 'JJ']"
circumspect,"[-17.49091327, 'JJ']"
lithium,"[-17.618203310000002, 'JJ']"
loyal,"[-17.907711037, 'JJ']"
african,"[-18.006965509, 'JJ']"
prematur,"[-18.11680572, 'JJ']"
divis,"[-18.128369354999997, 'JJ']"
inaugur,"[-18.175755590999998, 'JJ']"
us,"[-18.458651657, 'JJ']"
concern,"[-18.474765051, 'JJ']"
hardwar,"[-18.546106325, 'JJ']"
bright,"[-18.633892307999997, 'JJ']"
parliamentari,"[-19.029267786000002, 'JJ']"
plan,"[-19.12380118, 'JJ']"
track,"[-19.17641959, 'JJ']"
unreli,"[-19.309701437, 'JJ']"
challeng,"[-19.533005722, 'JJ']"
20th,"[-19.664804468, 'JJ']"
violent,"[-19.877824521, 'JJ']"
fy2017,"[-19.879254528, 'JJ']"
html,"[-19.879254528, 'JJ']"
congression,"[-19.936737113999996, 'JJ']"
disastr,"[-19.986587628, 'JJ']"
ly,"[-19.995161926, 'JJ']"
convolut,"[-20.374036357999998, 'JJ']"
revolv,"[-20.47685834, 'JJ']"
blockchain,"[-20.47685834, 'JJ']"
inevit,"[-20.787933034, 'JJ']"
estim,"[-20.820553502, 'JJ']"
injur,"[-20.952380952000002, 'JJ']"
deactiv,"[-20.952380952000002, 'JJ']"
rocki,"[-21.128441921, 'JJ']"
miss,"[-21.271050865, 'JJ']"
steepest,"[-21.394909387, 'JJS']"
merchant,"[-21.68582375, 'JJ']"
magnet,"[-21.68582375, 'JJ']"
borrow,"[-21.68582375, 'JJ']"
exercis,"[-21.68582375, 'JJ']"
bind,"[-21.68582375, 'JJ']"
appoint,"[-21.68582375, 'JJ']"
safe,"[-22.23849347400003, 'JJ']"
reason,"[-22.308356243000002, 'JJ']"
militari,"[-22.719799443, 'JJ']"
fulfil,"[-23.325083276999997, 'JJ']"
build,"[-23.454822973, 'JJ']"
excess,"[-23.620133923000004, 'JJ']"
inconsist,"[-23.653029754000002, 'JJ']"
frothi,"[-24.22907489, 'JJ']"
semicustom,"[-24.22907489, 'JJ']"
invas,"[-24.324696424999996, 'JJ']"
record,"[-25.06670209, 'JJ']"
briberi,"[-25.372357048, 'JJ']"
op,"[-25.421172982999998, 'JJ']"
forecast,"[-25.636468238000003, 'JJ']"
gloomi,"[-26.065324032, 'JJ']"
medium,"[-26.51579358, 'JJ']"
hot,"[-27.114095989000006, 'JJ']"
controversi,"[-27.342068718, 'JJ']"
concis,"[-27.414650936000005, 'JJ']"
project,"[-27.845204189, 'JJ']"
onli,"[-28.012582545, 'JJ']"
automot,"[-28.657998869, 'JJ']"
older,"[-30.71776513, 'JJR']"
check,"[-31.091269842000003, 'JJ']"
anticompetit,"[-31.605698483999998, 'JJ']"
premium,"[-31.76752877999999, 'JJ']"
sweet,"[-31.89366656, 'JJ']"
lofti,"[-32.62013086099999, 'JJ']"
anti,"[-33.453031173999996, 'JJ']"
oner,"[-33.958200248000004, 'JJ']"
forward,"[-35.546984766, 'JJ']"
essenti,"[-37.001180318, 'JJ']"
unfair,"[-37.393066348, 'JJ']"
network,"[-38.631575745, 'JJ']"
richest,"[-39.124551087, 'JJS']"
faulti,"[-39.126984128000004, 'JJ']"
select,"[-41.25198154399999, 'JJ']"
desktop,"[-41.354906680000006, 'JJ']"
accret,"[-41.493149194, 'JJ']"
polit,"[-41.74014196299986, 'JJ']"
wireless,"[-41.979690762, 'JJ']"
recal,"[-43.062744764, 'JJ']"
stop,"[-43.615642618, 'JJ']"
pretax,"[-45.869237373999994, 'JJ']"
white,"[-46.28494372599999, 'JJ']"
cloud,"[-49.27640875799998, 'JJ']"
tumbl,"[-57.52925877, 'JJ']"
feder,"[-58.23104096399997, 'JJ']"
game,"[-60.269643099999996, 'JJ']"
sizabl,"[-62.013839702, 'JJ']"
modem,"[-64.806596297, 'JJ']"
bearish,"[-65.879255084, 'JJ']"
old,"[-65.93683877800002, 'JJ']"
religi,"[-67.341968893, 'JJ']"
surpris,"[-67.42768250699999, 'JJ']"
south,"[-67.63704052100005, 'JJ']"
lowest,"[-73.18099702800001, 'JJS']"
wors,"[-73.26072561399998, 'JJR']"
sour,"[-74.445346923, 'JJ']"
defect,"[-75.836799016, 'JJ']"
voluntari,"[-79.118015197, 'JJ']"
basic,"[-79.19564177699999, 'JJ']"
racial,"[-80.02246938400002, 'JJ']"
cellular,"[-80.673829374, 'JJ']"
cheaper,"[-84.43137924899999, 'JJR']"
fiscal,"[-86.23188623100027, 'JJ']"
bigger,"[-95.18785243699998, 'JJR']"
antitrust,"[-95.50300701600005, 'JJ']"
korean,"[-99.15564266800001, 'JJ']"
american,"[-100.46954984299998, 'JJ']"
medic,"[-103.69708955899999, 'JJ']"
disappoint,"[-124.23588481499999, 'JJ']"
worst,"[-125.77903172100001, 'JJS']"
third,"[-335.61182931300027, 'JJ']"
