expect,"[1521.0048695479993, 'VBG']"
includ,"[1470.2951283640027, 'VBG']"
continu,"[1408.0558989699982, 'VBG']"
report,"[1221.4070714289974, 'VBD']"
go,"[1144.0665404539939, 'VB']"
said,"[1138.377714929998, 'VBD']"
think,"[991.5946250160026, 'VBZ']"
make,"[976.4214933000012, 'VBZ']"
compar,"[943.9917760590006, 'VBN']"
increas,"[922.4622499910025, 'VBD']"
base,"[851.2380813990014, 'VBN']"
help,"[846.3198122420006, 'VB']"
remain,"[789.7875568820002, 'VB']"
oper,"[778.4815348370003, 'VBG']"
take,"[772.2170204880006, 'VBZ']"
provid,"[701.3249939019997, 'VBN']"
look,"[675.181206425001, 'VBG']"
grew,"[670.6754155090013, 'VBD']"
follow,"[667.0106811510001, 'VBG']"
jump,"[644.4817438120006, 'VBN']"
get,"[640.9189362540003, 'VB']"
see,"[635.4920710080013, 'VBP']"
give,"[633.5107582689998, 'VB']"
believ,"[628.5296026389996, 'VBD']"
know,"[599.6384705439993, 'VBZ']"
improv,"[583.9866573310001, 'VBN']"
come,"[581.7225865439991, 'VBZ']"
grow,"[548.2013460359999, 'VB']"
deliv,"[546.8982335769998, 'VBG']"
drive,"[512.2520777740001, 'VBG']"
end,"[509.47825427199984, 'VBZ']"
work,"[499.3868257429999, 'VBG']"
mention,"[495.52285998599996, 'VB']"
invest,"[487.82123159799977, 'VBG']"
launch,"[485.1401812930003, 'VBN']"
beat,"[483.818683993, 'VBG']"
ad,"[470.3030120929998, 'VBD']"
show,"[461.481739154, 'VBP']"
adjust,"[451.7755276309995, 'VBN']"
mean,"[434.74574559999985, 'VBZ']"
driven,"[432.6621449360001, 'VBN']"
want,"[429.5934059269996, 'VBP']"
talk,"[422.773965871, 'VB']"
seem,"[418.54133999500016, 'VBP']"
exclud,"[417.11829059699966, 'VBG']"
close,"[405.56942607400026, 'VBD']"
hail,"[397.970625001, 'VB']"
repres,"[381.38717680900027, 'VBZ']"
record,"[372.24412515800043, 'VBG']"
merg,"[364.98726272100004, 'VB']"
reach,"[361.239317635, 'VBD']"
climb,"[356.07152068700015, 'VBG']"
is,"[349.61888557199984, 'VBZ']"
tri,"[344.09580389999996, 'VBG']"
soar,"[342.34932249099995, 'VB']"
feel,"[333.1381388650001, 'VBZ']"
combin,"[328.68158173399985, 'VBN']"
rose,"[326.2293641149995, 'VBD']"
use,"[325.6149345609996, 'VB']"
turn,"[324.2599365699997, 'VBD']"
reflect,"[319.1264961909999, 'VBZ']"
let,"[318.7102759510001, 'VB']"
led,"[317.48217976999985, 'VBN']"
gain,"[314.37407061299996, 'VBN']"
accord,"[312.7954996469997, 'VBG']"
note,"[309.06978336099996, 'VB']"
made,"[305.45473924099997, 'VBD']"
lead,"[305.14824222099986, 'VBG']"
say,"[305.11765354499937, 'VBZ']"
relat,"[300.7439363239992, 'VBN']"
suggest,"[298.47146882799984, 'VBP']"
consid,"[296.2063625360001, 'VB']"
build,"[294.9662100090001, 'VB']"
assum,"[292.4349833010001, 'VBG']"
indic,"[292.3115367139999, 'VBP']"
allow,"[291.6689580479999, 'VBD']"
becom,"[289.77225363599996, 'VBN']"
stream,"[287.0763816399999, 'VBG']"
add,"[282.240400025, 'VB']"
open,"[281.92893711299996, 'VBN']"
bring,"[279.7945793340001, 'VBG']"
surg,"[277.93815334400006, 'VBD']"
rise,"[277.06468951599993, 'VBP']"
predict,"[274.180334583, 'VBG']"
lost,"[266.49053567500005, 'VBN']"
expand,"[257.04049011599994, 'VB']"
chang,"[251.40572073100003, 'VBD']"
roll,"[250.60274094399998, 'VBN']"
plan,"[248.80183052599995, 'VBP']"
saw,"[246.03303819399986, 'VBD']"
offer,"[243.2580788279996, 'VBG']"
receiv,"[241.77430228399993, 'VBN']"
releas,"[240.13558195000002, 'VBN']"
came,"[233.5674931439999, 'VBD']"
wrote,"[233.38259908299992, 'VBD']"
share,"[233.243321307, 'VBD']"
happen,"[228.69672931799985, 'VBD']"
excit,"[225.814600701, 'VBN']"
move,"[220.66067354799986, 'VBG']"
focus,"[216.72993068600007, 'VB']"
play,"[216.39100668500004, 'VBN']"
top,"[216.31709208900003, 'VBG']"
valu,"[215.344165162, 'VBN']"
stock,"[215.324489248, 'VBZ']"
appear,"[214.612433948, 'VBD']"
keep,"[214.48126464200016, 'VB']"
result,"[213.87190850299993, 'VB']"
attract,"[207.527691438, 'VB']"
creat,"[204.53096561899997, 'VB']"
put,"[203.79202014999981, 'VB']"
start,"[197.390647308, 'VB']"
learn,"[196.93788790899995, 'VB']"
declin,"[195.87610678800007, 'VBD']"
benefit,"[195.39042963499983, 'VB']"
run,"[194.83451211899998, 'VBZ']"
cover,"[189.04970327499993, 'VB']"
join,"[185.83101852499993, 'VB']"
write,"[182.047078073, 'VBG']"
call,"[181.29772120499996, 'VB']"
agre,"[179.52119344100004, 'VBD']"
watch,"[178.406930574, 'VBG']"
pleas,"[178.33081490999987, 'VBN']"
face,"[177.992251178, 'VBG']"
develop,"[171.74343045699985, 'VBD']"
push,"[170.79752111099998, 'VB']"
win,"[170.72214709600001, 'VB']"
account,"[170.26426034600004, 'VBG']"
given,"[169.55361396599992, 'VBN']"
discuss,"[168.98965427799993, 'VBZ']"
pick,"[167.54015204000004, 'VBD']"
seen,"[164.99700180099995, 'VBN']"
got,"[164.08485677299996, 'VBD']"
confirm,"[162.539474785, 'VBD']"
establish,"[162.32110361900007, 'VB']"
yandex,"[157.897145947, 'VB']"
constitut,"[156.40751729999997, 'VBP']"
exist,"[154.92606387799992, 'VBG']"
present,"[152.206234976, 'VB']"
need,"[151.63530682000004, 'VBP']"
boost,"[150.43980830700005, 'VB']"
serv,"[149.409655844, 'VB']"
point,"[149.263755986, 'VBN']"
advanc,"[148.73898355199998, 'VBD']"
generat,"[143.6972582359999, 'VBZ']"
extend,"[143.46738812599995, 'VBN']"
process,"[143.38056753899988, 'VBZ']"
manag,"[141.683174818, 'VBZ']"
taken,"[140.3641337, 'VBN']"
stand,"[140.14253416600002, 'VBZ']"
treat,"[137.45607676099993, 'VB']"
estim,"[136.7881492200001, 'VBN']"
regard,"[135.17717127400002, 'VBG']"
pop,"[134.09034225, 'VBG']"
enabl,"[134.017182261, 'VB']"
seek,"[133.14983607300005, 'VB']"
ride,"[131.215187573, 'VBG']"
identifi,"[130.94287114100007, 'VBN']"
refer,"[129.11607584799998, 'VBP']"
acquir,"[128.62640255400004, 'VB']"
demonstr,"[127.85007641699998, 'VBN']"
step,"[127.608605663, 'VBP']"
stay,"[127.51120307200001, 'VB']"
express,"[127.49580211200002, 'VB']"
hold,"[126.0976102860001, 'VBG']"
struggl,"[125.61217258900001, 'VBG']"
hit,"[123.86428040100007, 'VB']"
narrow,"[122.065586193, 'VBG']"
acceler,"[120.54493758300002, 'VBP']"
enhanc,"[119.73252550400001, 'VBG']"
reveal,"[117.51525827899998, 'VBZ']"
form,"[116.46801840900004, 'VBN']"
scale,"[114.60868188200001, 'VBG']"
enjoy,"[114.27929017, 'VBN']"
revis,"[114.235570449, 'VBD']"
approv,"[113.05438030300004, 'VBD']"
spend,"[111.25669727900012, 'VBG']"
embed,"[110.704768588, 'VBD']"
doubl,"[110.61301060700004, 'VBD']"
goe,"[110.398946591, 'VBZ']"
averag,"[110.06999096399998, 'VBP']"
prep,"[110.01156971999998, 'VBP']"
surpris,"[109.29530122800003, 'VBD']"
proceed,"[109.23012735500005, 'VB']"
brought,"[108.56928079600003, 'VBN']"
complet,"[107.68244748999993, 'VBN']"
understand,"[107.61952603600002, 'VBZ']"
conduct,"[107.104548565, 'VB']"
retain,"[107.04238967100001, 'VBG']"
limit,"[106.20597012800003, 'VBN']"
draw,"[105.35699181899999, 'VB']"
set,"[104.96428885000003, 'VB']"
thank,"[104.31423680000002, 'VB']"
determin,"[103.66562346800002, 'VB']"
count,"[103.16627593199999, 'VBG']"
evalu,"[102.923614365, 'VB']"
decreas,"[102.24575813199999, 'VBN']"
sign,"[100.97297787600002, 'VBD']"
speak,"[100.19092849300004, 'VBG']"
spent,"[100.15740740900002, 'VBD']"
match,"[99.87086557499998, 'VB']"
offset,"[99.76649026299995, 'VB']"
rais,"[98.92285984500002, 'VBD']"
buy,"[98.74822461800007, 'VB']"
reduc,"[98.03219430200006, 'VB']"
mark,"[97.92597862000002, 'VBN']"
exit,"[97.61033395800001, 'VBG']"
back,"[97.36327387200002, 'VBN']"
revers,"[97.039783265, 'VB']"
subscrib,"[95.82310047800001, 'VBD']"
comment,"[95.13350880900002, 'VB']"
updat,"[94.98358984599999, 'VBD']"
intend,"[94.76684395299998, 'VB']"
design,"[94.14622149099999, 'VBD']"
execut,"[93.95683438400002, 'VBP']"
sampl,"[93.907270509, 'VBG']"
finish,"[93.72609464400001, 'VBD']"
test,"[93.63317166300001, 'VB']"
disabl,"[93.277456439, 'VB']"
amount,"[93.16416581599998, 'VBZ']"
delay,"[93.10271557500005, 'VBN']"
attribut,"[92.30113238500002, 'VBD']"
explain,"[92.15647265199999, 'VBZ']"
exceed,"[91.35180831000001, 'VBG']"
stabil,"[90.722402375, 'VBG']"
thought,"[90.67796081500003, 'VBD']"
view,"[90.57475104000004, 'VBP']"
tell,"[90.21541237000001, 'VB']"
save,"[90.10045295699999, 'VBN']"
display,"[89.347925232, 'VBP']"
satur,"[89.101798592, 'VBD']"
impact,"[88.97759301799992, 'VB']"
affect,"[88.62964976000004, 'VBG']"
prove,"[88.16483642700001, 'VBG']"
lose,"[88.04174298500006, 'VB']"
convert,"[87.633579069, 'VBN']"
integr,"[87.44766013800003, 'VB']"
have,"[87.17628926300002, 'VBP']"
time,"[87.17399639599999, 'VBZ']"
enrol,"[87.01876620700001, 'VBD']"
cede,"[86.74311398000002, 'VBG']"
non,"[86.63937543299997, 'VB']"
best,"[85.246866698, 'VBD']"
posit,"[85.20472899800001, 'VBG']"
depend,"[85.08779794000003, 'VBG']"
schedul,"[80.686581389, 'VBN']"
boast,"[80.382577099, 'VBZ']"
differ,"[80.13515881100003, 'VB']"
consensus,"[79.99969246699999, 'VBP']"
break,"[79.78854618000001, 'VB']"
like,"[79.53412543500002, 'VB']"
known,"[79.012259575, 'VBN']"
tout,"[78.89495469900001, 'VBD']"
find,"[78.20807881400002, 'VBG']"
perform,"[78.199732748, 'VB']"
strengthen,"[77.963720494, 'VBN']"
yield,"[77.72917622000003, 'VBN']"
fuel,"[77.296399844, 'VB']"
remind,"[76.67753033200002, 'VBD']"
shrink,"[76.343451094, 'VB']"
grown,"[76.259693172, 'VBN']"
experienc,"[75.769175848, 'VBN']"
specul,"[75.734059024, 'VBN']"
wit,"[75.53540344800001, 'VBD']"
pour,"[74.19992643500001, 'VBG']"
explor,"[74.00269588700002, 'VBG']"
stood,"[73.567297089, 'VBD']"
propos,"[73.37450307100002, 'VBN']"
address,"[72.684990776, 'VB']"
paid,"[71.84536273400005, 'VBD']"
encourag,"[71.54014540700001, 'VBN']"
stall,"[71.105736234, 'VBG']"
under,"[70.68120476500005, 'VBG']"
contain,"[70.65929749400001, 'VBN']"
held,"[70.407244137, 'VBD']"
rival,"[70.30351704600001, 'VB']"
app,"[69.98132071300002, 'VB']"
publish,"[69.85405585700002, 'VBN']"
ask,"[69.827512693, 'VBD']"
select,"[69.566070549, 'VBN']"
recogn,"[69.259444399, 'VBP']"
check,"[69.25465925400002, 'VB']"
leverag,"[68.70935330100001, 'VBG']"
com,"[68.30423147000008, 'VBP']"
implement,"[68.232925248, 'VB']"
elabor,"[68.22736256, 'VB']"
produc,"[67.88281554500006, 'VB']"
guidanc,"[67.719053945, 'VB']"
head,"[67.085810198, 'VB']"
are,"[66.879560709, 'VBP']"
settl,"[65.94982405600001, 'VBN']"
prepar,"[65.48274966000001, 'VBG']"
rememb,"[64.93504469600002, 'VBP']"
handl,"[64.84886443900001, 'VBZ']"
translat,"[64.70650551099999, 'VB']"
project,"[64.65086234100004, 'VBN']"
transform,"[64.49182727600001, 'VB']"
took,"[64.266220945, 'VBD']"
convinc,"[64.26358982699999, 'VB']"
earn,"[64.22203781199997, 'VB']"
upcom,"[63.842202771, 'VBG']"
sustain,"[63.76293732300001, 'VBN']"
begin,"[63.63374132999999, 'VBG']"
experi,"[63.358772365, 'VB']"
sort,"[62.630155727, 'VBP']"
choos,"[62.350814510000006, 'VB']"
name,"[61.429507088, 'VBN']"
fuell,"[61.413177579999996, 'VBN']"
denomin,"[61.042207287, 'VBN']"
struck,"[59.94751782500002, 'VBD']"
pile,"[59.236762002999996, 'VBP']"
rack,"[58.790884870999996, 'VBN']"
guess,"[58.338447203000015, 'VBP']"
thrive,"[58.138609074, 'VBG']"
quot,"[57.97881253600001, 'VBD']"
headwind,"[57.848689371000006, 'VBZ']"
sit,"[57.799309267000005, 'VBZ']"
cross,"[57.124356991, 'VBZ']"
appoint,"[57.054212936000006, 'VBN']"
annual,"[57.03018786400001, 'VBN']"
instal,"[56.94956257699999, 'VB']"
slow,"[56.421143250000014, 'VBG']"
shown,"[56.395061633, 'VBN']"
target,"[56.32254780100001, 'VBZ']"
edg,"[56.02329284300001, 'VB']"
simplifi,"[55.75380086300001, 'VB']"
surpass,"[55.41636414100001, 'VBD']"
aim,"[55.36223801200002, 'VBN']"
bet,"[54.754390993, 'VB']"
highlight,"[54.38962905000001, 'VBN']"
list,"[54.10249398599999, 'VBD']"
fight,"[53.792598062, 'VB']"
pay,"[53.59841409900011, 'VB']"
shape,"[53.355399773, 'VBG']"
profit,"[52.669464413, 'VBD']"
shake,"[52.62210974999999, 'VBZ']"
grant,"[52.26629056, 'VBD']"
leap,"[52.24365297000001, 'VBD']"
admit,"[52.133735345000005, 'VBD']"
visit,"[51.51910975000001, 'VBP']"
comput,"[51.123322565000024, 'VBG']"
high,"[51.078653208999995, 'VBZ']"
garner,"[50.973135106, 'VBD']"
notic,"[50.75810006100001, 'VBD']"
rank,"[50.639968467, 'VB']"
inflat,"[50.55329064, 'VBN']"
yeah,"[50.55053757500001, 'VBP']"
initi,"[50.504671587000004, 'VBD']"
leak,"[50.19887539199999, 'VBN']"
unveil,"[49.89109780899999, 'VBD']"
wait,"[49.791109792, 'VB']"
accompani,"[49.790755843, 'VBN']"
guy,"[49.533279906000004, 'VBP']"
date,"[49.415166971, 'VBG']"
state,"[49.17576634800002, 'VBG']"
hamper,"[48.96813239000001, 'VB']"
rule,"[48.809590216000004, 'VBD']"
negoti,"[48.414548529, 'VBN']"
recov,"[48.399167961, 'VB']"
pursu,"[47.92363578200001, 'VB']"
skyrocket,"[47.689428959, 'VBG']"
disclaim,"[47.548552488000006, 'VBP']"
rave,"[47.517850881, 'VBG']"
click,"[47.486993424, 'VBP']"
achiev,"[46.792318417999994, 'VBG']"
rip,"[46.643894516, 'VBG']"
sent,"[45.706664128, 'VBD']"
book,"[45.68846311, 'VBG']"
slip,"[45.448460710000006, 'VBD']"
wind,"[45.38846382, 'VBG']"
disconnect,"[45.250581308, 'VB']"
gave,"[44.79832136200001, 'VBD']"
fill,"[44.689813427999994, 'VBD']"
crush,"[44.459093231, 'VBD']"
accomplish,"[44.441083944, 'VB']"
commit,"[44.423455833000006, 'VBG']"
measur,"[44.381668675, 'VBD']"
sound,"[44.367577884, 'VB']"
studi,"[44.356702879, 'VBN']"
bolster,"[43.97793940600002, 'VBG']"
search,"[43.932670121, 'VB']"
support,"[43.74548625900001, 'VBD']"
met,"[43.43207969200001, 'VBN']"
calcul,"[43.271562949000014, 'VBN']"
repurchas,"[43.26128751400001, 'VBG']"
q4,"[43.057392545, 'VBP']"
involv,"[43.008763870000045, 'VBN']"
realiz,"[42.891598156, 'VB']"
benchmark,"[42.724108688, 'VBZ']"
monet,"[42.70203098499999, 'VBG']"
tend,"[42.579205861000005, 'VBZ']"
data,"[42.508100613, 'VB']"
final,"[42.3654818, 'VB']"
therano,"[42.17506632, 'VB']"
await,"[41.85933819, 'VBN']"
gear,"[41.825033260999994, 'VBG']"
normal,"[41.76338975200001, 'VBD']"
repeal,"[41.54505372, 'VB']"
conced,"[41.504848296000006, 'VBD']"
compil,"[41.33728164700001, 'VBD']"
eat,"[41.116187802, 'VB']"
meet,"[40.847435497999996, 'VB']"
appeal,"[40.69753765600001, 'VB']"
log,"[40.17963172, 'VBG']"
reignit,"[40.088750417, 'VBD']"
livestream,"[39.90450204, 'VBG']"
up,"[39.89580758300001, 'VBD']"
coupl,"[39.834934919, 'VBD']"
shore,"[39.646241723, 'VB']"
hedg,"[39.589740217, 'VBN']"
reli,"[39.19051613500001, 'VBZ']"
power,"[39.15194788299999, 'VBD']"
succeed,"[39.145808765000005, 'VBN']"
maintain,"[39.059644693, 'VB']"
hike,"[38.99084669199999, 'VBD']"
roam,"[38.89728096, 'VBG']"
particip,"[38.77186441400001, 'VB']"
sport,"[38.753493207000005, 'VBZ']"
occur,"[38.741933308, 'VBN']"
shutter,"[38.703764042, 'VBG']"
attach,"[38.565973428, 'VBD']"
outlin,"[38.505348240000004, 'VBN']"
unlimit,"[38.501074783, 'VBN']"
drag,"[38.428327542, 'VB']"
elect,"[38.041849084000006, 'VB']"
overst,"[37.91496798, 'VBN']"
ran,"[37.745634374, 'VBD']"
appreci,"[37.437416361000004, 'VBN']"
distribut,"[37.38393022099999, 'VBD']"
total,"[37.33838697, 'VB']"
bump,"[37.106227181, 'VBD']"
superior,"[36.83794466, 'VBN']"
overvalu,"[36.831666478, 'VBD']"
disclos,"[36.815279722, 'VBD']"
span,"[36.732442045, 'VBG']"
hear,"[36.694951308, 'VBG']"
hi,"[36.582264277, 'VB']"
control,"[36.474142973, 'VB']"
reserv,"[35.988745458000004, 'VBD']"
began,"[35.85268652899996, 'VBD']"
glow,"[35.77769796, 'VBG']"
ink,"[35.455142449, 'VBN']"
track,"[35.186764595, 'VBN']"
figur,"[35.171574280000016, 'VB']"
advertis,"[35.00217247, 'VBG']"
ralli,"[34.649591451999996, 'VBD']"
engag,"[34.607816783999986, 'VBD']"
partner,"[34.455325318, 'VBN']"
overestim,"[34.274460721, 'VBG']"
resum,"[33.846922194, 'VB']"
beg,"[33.7164751, 'VBZ']"
unfound,"[33.7164751, 'VBN']"
fledg,"[33.7164751, 'VBN']"
swung,"[33.7164751, 'VBD']"
simmer,"[33.7164751, 'VBD']"
hello,"[33.442546852, 'VB']"
download,"[33.19095701600001, 'VBN']"
swing,"[33.178038029, 'VBG']"
rumor,"[33.096668578, 'VBN']"
author,"[33.032080910000005, 'VBN']"
arriv,"[32.964876145999995, 'VBN']"
therefor,"[32.876839749, 'VBP']"
forget,"[32.860272460999994, 'VB']"
ensu,"[32.855949401000004, 'VBG']"
differenti,"[32.821011162, 'VBD']"
program,"[32.770009553, 'VBG']"
screen,"[32.75158827, 'VBZ']"
first,"[32.75014116, 'VB']"
model,"[32.622564415, 'VB']"
avoid,"[32.516316263, 'VB']"
fare,"[32.475019599, 'VBD']"
compet,"[32.45560223800002, 'VBP']"
brand,"[32.385890544, 'VBD']"
acknowledg,"[32.274500135, 'VB']"
amend,"[32.138746547000004, 'VB']"
pace,"[32.045365376, 'VBG']"
right,"[31.934912525999998, 'VBD']"
lie,"[31.84228640300001, 'VBZ']"
hire,"[31.61398313600001, 'VBD']"
vari,"[31.598899387, 'VB']"
ex,"[31.548337615999998, 'VB']"
sure,"[31.453805523, 'VBP']"
random,"[31.305258744, 'VB']"
regist,"[31.275343439000004, 'VB']"
e,"[31.137906088, 'VBD']"
pois,"[31.034400895999998, 'VBN']"
carri,"[31.010042095, 'VBZ']"
conclud,"[30.955660467, 'VB']"
mount,"[30.855603713, 'VBG']"
divid,"[30.655612832999996, 'VB']"
trend,"[30.51523180300001, 'VBG']"
begun,"[30.44176965, 'VBN']"
clock,"[30.257750396, 'VBD']"
analyz,"[30.180866301000002, 'VBP']"
penetr,"[30.153882884, 'VB']"
transcript,"[30.116894029, 'VBZ']"
momentum,"[29.915489987999997, 'VBD']"
semi,"[29.746273081, 'VBP']"
special,"[29.540952676999996, 'VBN']"
travel,"[29.503943504000006, 'VBG']"
equal,"[29.499994542999993, 'VB']"
groundbreak,"[29.492648849, 'VBG']"
spin,"[29.437854462, 'VB']"
materi,"[29.324183368, 'VBP']"
q2,"[29.320113315, 'VBD']"
replac,"[29.22059292799999, 'VB']"
prefer,"[29.175706241, 'VBN']"
elut,"[29.096989968, 'VBG']"
caution,"[29.052352329999998, 'VBD']"
weigh,"[28.94992778, 'VBN']"
label,"[28.661005348, 'VBG']"
pare,"[28.646741989, 'VB']"
consist,"[28.640073402000002, 'VBG']"
iphon,"[28.53465715200001, 'VB']"
lure,"[28.280779628, 'VBD']"
direct,"[28.18902632, 'VB']"
buoy,"[28.147305084000006, 'VBD']"
gotten,"[27.990645161999996, 'VBN']"
battl,"[27.821053184, 'VBG']"
drew,"[27.707523244, 'VBD']"
invit,"[27.672035582, 'VBG']"
wise,"[27.636084086999997, 'VB']"
roadmap,"[27.63502351, 'VBZ']"
slid,"[27.404733417, 'VBD']"
disrupt,"[27.375528659, 'VB']"
stroke,"[27.225957913, 'VBD']"
crippl,"[27.128820660000002, 'VBG']"
commenc,"[27.1235571, 'VBG']"
appli,"[27.018805596000007, 'VB']"
rocket,"[26.934673826, 'VBD']"
store,"[26.810866830000002, 'VB']"
contribut,"[26.758081243000056, 'VBN']"
applaud,"[26.724669626, 'VB']"
care,"[26.6966781, 'VBP']"
place,"[26.582146872999996, 'VBN']"
surround,"[26.469374517, 'VBG']"
imagin,"[26.400194722, 'VB']"
captur,"[26.377828099, 'VBN']"
upgrad,"[26.164420458, 'VBG']"
slash,"[26.135261534999998, 'VBN']"
defend,"[25.957424606000007, 'VB']"
pre,"[25.822690865, 'VB']"
kept,"[25.81636389900001, 'VBN']"
burgeon,"[25.677968336, 'VBG']"
flag,"[25.622856820000003, 'VBG']"
pump,"[25.593042257, 'VBN']"
inform,"[25.552887671, 'VBN']"
echo,"[25.457183422999996, 'VBG']"
audit,"[25.27664532, 'VBN']"
miscount,"[25.27664532, 'VBN']"
miscalcul,"[25.27664532, 'VBD']"
file,"[25.26229426099996, 'VBG']"
render,"[25.111188526999996, 'VBG']"
mandat,"[24.989630452, 'VB']"
transcathet,"[24.988832055, 'VB']"
reshap,"[24.885992726, 'VB']"
tune,"[24.823353242, 'VBN']"
consolid,"[24.542110914, 'VB']"
subtract,"[24.484029641, 'VBG']"
propel,"[24.429806921, 'VBN']"
specifi,"[24.418479712999996, 'VBN']"
pull,"[24.375600511000002, 'VBD']"
opt,"[24.326133041, 'VB']"
enter,"[24.282508870000008, 'VBG']"
associ,"[24.26125079800003, 'VBN']"
dedic,"[23.95933436, 'VBN']"
justifi,"[23.952972521000003, 'VB']"
undercut,"[23.952457274, 'VB']"
regul,"[23.688007454000005, 'VBN']"
outpac,"[23.620163828, 'VBG']"
free,"[23.546310385, 'VB']"
undertak,"[23.528100865000003, 'VB']"
teen,"[23.431676866, 'VBZ']"
shrug,"[23.381581667, 'VBG']"
mike,"[23.280145238, 'VB']"
respond,"[23.24564587499999, 'VBG']"
assuag,"[23.159490341, 'VB']"
reintroduc,"[23.04054054, 'VBD']"
fulfil,"[23.01207487, 'VBN']"
procedur,"[22.895709489999998, 'VBZ']"
outnumb,"[22.846166641, 'VBD']"
balanc,"[22.76653275, 'VB']"
summar,"[22.730364119999997, 'VBN']"
otherwis,"[22.721153811, 'VB']"
peg,"[22.698104667, 'VBN']"
strike,"[22.681171753, 'VBG']"
describ,"[22.56686774600001, 'VB']"
spark,"[22.557206345, 'VBN']"
forecast,"[22.484715227999978, 'VBG']"
round,"[22.383820046000004, 'VBN']"
center,"[22.298757766999998, 'VBP']"
margin,"[22.259742637, 'VB']"
renew,"[22.217833640000002, 'VBN']"
misstat,"[22.156871864, 'VBD']"
influenc,"[22.028985358000003, 'VBD']"
curb,"[21.939664697, 'VB']"
websit,"[21.918545816, 'VBZ']"
maxim,"[21.915970369, 'VB']"
consult,"[21.890450099, 'VBG']"
versus,"[21.809757153999996, 'VBP']"
laptop,"[21.78331082, 'VBZ']"
categor,"[21.7186274, 'VBN']"
mine,"[21.674617344, 'VB']"
undergo,"[21.619913190000002, 'VB']"
surgeri,"[21.619012325, 'VB']"
market,"[21.610012633999993, 'VBG']"
accept,"[21.519618604, 'VB']"
smash,"[21.435138701, 'VBD']"
sat,"[21.386272714, 'VBD']"
cannib,"[21.381140945, 'VB']"
bill,"[21.358895730000015, 'VBN']"
refin,"[21.34713746, 'VBG']"
answer,"[21.249922751999996, 'VBG']"
digit,"[21.203054415000004, 'VBZ']"
headquart,"[21.175237420000002, 'VBD']"
worldwid,"[21.171110494999994, 'VB']"
prohibit,"[21.160837887, 'VBG']"
emphas,"[21.06419327, 'VBD']"
shaken,"[21.055156328000002, 'VBN']"
no,"[21.0313448, 'VBD']"
feed,"[21.0313448, 'VB']"
deni,"[20.951451128000002, 'VBN']"
aggreg,"[20.828922358, 'VBZ']"
volum,"[20.797610024, 'VBZ']"
done,"[20.795524631000006, 'VBN']"
constrain,"[20.721356171999997, 'VBN']"
suspect,"[20.652880594000003, 'VBP']"
remov,"[20.601881291000005, 'VB']"
float,"[20.58651816, 'VBG']"
bore,"[20.452759944, 'VBG']"
spell,"[20.43012482, 'VBN']"
compli,"[20.423133335000003, 'VB']"
conflict,"[20.401078875, 'VBP']"
fli,"[20.304925886, 'VB']"
resolv,"[20.281366798, 'VB']"
read,"[20.186099914, 'VBP']"
fix,"[20.173399896, 'VBN']"
exercis,"[20.04612205, 'VBD']"
regain,"[20.020671268, 'VBD']"
gather,"[19.860095652, 'VBN']"
satisfi,"[19.857613881, 'VBN']"
impress,"[19.771978794999995, 'VB']"
cap,"[19.668242879999998, 'VBD']"
blew,"[19.667309697, 'VBD']"
laud,"[19.54674221, 'VBP']"
forward,"[19.54674221, 'VBD']"
favor,"[19.545981021999996, 'VB']"
again,"[19.493688012, 'VBP']"
solidifi,"[19.44864048, 'VBZ']"
vanquish,"[19.44864048, 'VBZ']"
rider,"[19.44864048, 'VBP']"
between,"[19.44864048, 'VBP']"
nomin,"[19.44864048, 'VBN']"
embroil,"[19.44864048, 'VBN']"
outmatch,"[19.44864048, 'VBN']"
overseen,"[19.44864048, 'VBN']"
dissolv,"[19.44864048, 'VBN']"
chux,"[19.44864048, 'VBG']"
temper,"[19.44864048, 'VBG']"
subsid,"[19.44864048, 'VBG']"
outdo,"[19.44864048, 'VBG']"
forgo,"[19.44864048, 'VBG']"
harbor,"[19.44864048, 'VBG']"
dump,"[19.44864048, 'VBD']"
arch,"[19.44864048, 'VB']"
broker,"[19.44864048, 'VB']"
jumpstart,"[19.44864048, 'VB']"
portray,"[19.44864048, 'VB']"
declar,"[19.42549614, 'VBG']"
sold,"[19.398560589000063, 'VBN']"
submit,"[19.358422493, 'VBN']"
curv,"[19.271509188000003, 'VBN']"
buck,"[19.238355401, 'VBD']"
shut,"[19.218514068000008, 'VBD']"
so,"[19.13845598, 'VBD']"
spike,"[19.080207423999997, 'VBP']"
clarifi,"[18.927135837, 'VB']"
past,"[18.900366544, 'VBD']"
paus,"[18.743910962, 'VBD']"
revenu,"[18.660532841, 'VB']"
repeat,"[18.434166417, 'VBN']"
lifesav,"[18.43064691, 'VBG']"
destock,"[18.43064691, 'VBG']"
analys,"[18.41897233, 'VBZ']"
wherea,"[18.41897233, 'VBP']"
aka,"[18.41897233, 'VBP']"
onset,"[18.41897233, 'VBN']"
hospit,"[18.41897233, 'VBD']"
flew,"[18.41897233, 'VBD']"
calcium,"[18.41897233, 'VB']"
grab,"[18.27222861, 'VB']"
obtain,"[18.266868291000005, 'VBN']"
ship,"[18.13776597799996, 'VB']"
dial,"[18.06560961, 'VBG']"
overclock,"[18.015267176, 'VB']"
defi,"[17.995630802, 'VBD']"
opportun,"[17.948965071, 'VBZ']"
vs,"[17.896741808999998, 'VBD']"
squeez,"[17.889247511000004, 'VB']"
trigger,"[17.763155849, 'VBN']"
peer,"[17.72428884, 'VB']"
tepid,"[17.676143386, 'VB']"
swear,"[17.61161607, 'VBZ']"
bps,"[17.564772472, 'VBP']"
showcas,"[17.434439298, 'VB']"
classifi,"[17.430699743999998, 'VBN']"
lean,"[17.425837679, 'VBD']"
util,"[17.424735128000002, 'VB']"
short,"[17.403152098, 'VB']"
briefli,"[17.25255976, 'VBD']"
stack,"[17.227396256, 'VB']"
talli,"[17.203121755999998, 'VBD']"
rush,"[17.126905015, 'VBN']"
sank,"[17.07407875, 'VBD']"
deal,"[17.000218442999998, 'VBG']"
cool,"[16.984628998, 'VBN']"
misreport,"[16.976744187, 'VBN']"
www,"[16.934617686, 'VB']"
messag,"[16.901109151, 'VBZ']"
overal,"[16.847118349, 'VBP']"
segment,"[16.775397648, 'VBZ']"
toler,"[16.76484179, 'VB']"
supplementari,"[16.721273426, 'VBP']"
hey,"[16.721273426, 'VBP']"
dispatch,"[16.721273426, 'VBG']"
moder,"[16.691124271000003, 'VB']"
second,"[16.665685172, 'VBZ']"
tweak,"[16.651240662, 'VB']"
relax,"[16.616638346, 'VBG']"
print,"[16.484045293, 'VB']"
unlock,"[16.373135925, 'VB']"
discourag,"[16.349172521, 'VB']"
notch,"[16.348434772, 'VBD']"
expos,"[16.328448961, 'VBN']"
handset,"[16.326997149, 'VB']"
pictur,"[16.305356657, 'VBN']"
strive,"[16.302963759999997, 'VBP']"
near,"[16.289295861, 'VBG']"
rock,"[16.277095849000002, 'VBN']"
jam,"[16.277095849000002, 'VBG']"
bid,"[16.177666054, 'VBD']"
listen,"[16.046974853, 'VBN']"
workplac,"[15.908200205, 'VB']"
multipli,"[15.845329089, 'VBG']"
pave,"[15.727016982, 'VBZ']"
progress,"[15.603269349000001, 'VBG']"
hint,"[15.555747048, 'VBN']"
tick,"[15.551794006, 'VBD']"
ru,"[15.52551243, 'VBP']"
rub,"[15.52551243, 'VBD']"
radar,"[15.50387597, 'VBZ']"
notebook,"[15.50387597, 'VBZ']"
partnership,"[15.50387597, 'VBZ']"
pc,"[15.50387597, 'VBP']"
exult,"[15.50387597, 'VBD']"
sponsor,"[15.482263087000002, 'VBD']"
warm,"[15.432285834000002, 'VBN']"
entic,"[15.390531064000001, 'VB']"
speed,"[15.380636199000001, 'VBD']"
diagnos,"[15.365170727999999, 'VB']"
crowdsourc,"[15.36036036, 'VBN']"
unbias,"[15.36036036, 'VBD']"
incorpor,"[15.33750654, 'VBN']"
surfac,"[15.334108488999998, 'VBD']"
stimul,"[15.240764036, 'VBN']"
steal,"[15.232777462, 'VB']"
punish,"[15.214394505000001, 'VB']"
card,"[15.210723351, 'VBP']"
underestim,"[15.19026193, 'VBZ']"
mitig,"[15.180013796999999, 'VBG']"
ani,"[15.179928028, 'VBP']"
bleed,"[15.13934047, 'VBG']"
amd,"[15.038817904999998, 'VBZ']"
whatev,"[14.931314372, 'VBD']"
window,"[14.823991965000001, 'VBZ']"
camera,"[14.756732569, 'VBD']"
broaden,"[14.728240283, 'VB']"
architectur,"[14.666548317, 'VBP']"
retreat,"[14.498462741, 'VBG']"
mode,"[14.473159655, 'VBD']"
incent,"[14.469669770000001, 'VBZ']"
forc,"[14.335487603999992, 'VBD']"
scan,"[14.312901785000001, 'VBG']"
blog,"[14.289636858999998, 'VBG']"
chipset,"[14.242397111, 'VBP']"
encount,"[14.194409360000002, 'VB']"
rerat,"[14.175274908, 'VBG']"
affirm,"[14.060135826, 'VB']"
har,"[14.05835544, 'VBG']"
rebut,"[14.05835544, 'VBG']"
deposit,"[14.05835544, 'VBG']"
flee,"[14.05835544, 'VBG']"
conceiv,"[14.05835544, 'VBD']"
revok,"[14.05835544, 'VBD']"
teas,"[14.015858367, 'VB']"
train,"[13.991167788999999, 'VBN']"
gone,"[13.984694998000002, 'VBN']"
grandfath,"[13.90741349, 'VBN']"
walk,"[13.899829068000003, 'VBD']"
unseat,"[13.882674897000001, 'VB']"
and1,"[13.84835124, 'VBZ']"
hast,"[13.84835124, 'VBZ']"
drama,"[13.84835124, 'VBZ']"
agenda,"[13.84835124, 'VBZ']"
loss,"[13.84835124, 'VBZ']"
cull,"[13.84835124, 'VBN']"
forthright,"[13.84835124, 'VBN']"
ape,"[13.84835124, 'VBN']"
morph,"[13.84835124, 'VBN']"
scratch,"[13.84835124, 'VBG']"
spawn,"[13.84835124, 'VBD']"
doug,"[13.84835124, 'VB']"
chill,"[13.84835124, 'VB']"
netflix,"[13.84835124, 'VB']"
revisit,"[13.808015539, 'VB']"
hook,"[13.741379704, 'VB']"
written,"[13.716588259000002, 'VBN']"
q1,"[13.711642748, 'VB']"
downplay,"[13.652977341, 'VBD']"
snap,"[13.618833634000001, 'VB']"
desktop,"[13.580480336, 'VB']"
warrant,"[13.565763384, 'VBG']"
bias,"[13.501632195, 'VBN']"
contempl,"[13.464433698, 'VBG']"
suppos,"[13.448733596, 'VBN']"
truck,"[13.421670943999999, 'VBG']"
breach,"[13.372834544, 'VBZ']"
org,"[13.365961213999999, 'VBP']"
tempt,"[13.365961213999999, 'VBG']"
infring,"[13.358845216999999, 'VBD']"
enterpris,"[13.357112960000002, 'VBZ']"
kit,"[13.343184864000001, 'VBD']"
pale,"[13.30150068, 'VBZ']"
phase,"[13.30150068, 'VBN']"
favour,"[13.30150068, 'VBN']"
realloc,"[13.30150068, 'VBG']"
loop,"[13.30150068, 'VBG']"
red,"[13.30150068, 'VBD']"
outbid,"[13.30150068, 'VBD']"
theoriz,"[13.30150068, 'VBD']"
sour,"[13.30150068, 'VB']"
emarket,"[13.30150068, 'VB']"
refresh,"[13.283998166000002, 'VBD']"
mid,"[13.234204584, 'VB']"
incur,"[13.222402701, 'VBG']"
broke,"[13.166149281, 'VBD']"
pri,"[13.154002959, 'VBG']"
fade,"[13.131774972999999, 'VBN']"
overse,"[13.116683838, 'VBG']"
detail,"[13.075704851999992, 'VBN']"
threw,"[13.055486277000002, 'VBD']"
repatri,"[12.93417537, 'VBN']"
ascend,"[12.917882928000001, 'VBG']"
lip,"[12.876318386000001, 'VBN']"
sheet,"[12.836442615000001, 'VBD']"
shock,"[12.800234687, 'VBG']"
ignor,"[12.743786895000001, 'VBD']"
sooner,"[12.706517693, 'VBP']"
tripl,"[12.651509659999999, 'VBN']"
pocketbook,"[12.63832266, 'VBP']"
rework,"[12.63832266, 'VBN']"
haul,"[12.63832266, 'VBN']"
lengthen,"[12.63832266, 'VBG']"
wither,"[12.63832266, 'VBG']"
filter,"[12.63832266, 'VB']"
cushion,"[12.63832266, 'VB']"
weed,"[12.63832266, 'VB']"
toughen,"[12.63832266, 'VB']"
grade,"[12.63832266, 'VB']"
noth,"[12.572994281, 'VBG']"
cloud,"[12.57222359, 'VB']"
reaffirm,"[12.568102916999996, 'VBD']"
abandon,"[12.552007938000001, 'VB']"
tight,"[12.482989453000002, 'VBD']"
weight,"[12.479516507, 'VBD']"
onlin,"[12.441366074000001, 'VBZ']"
skew,"[12.370046552, 'VBN']"
emerg,"[12.357849514999995, 'VBD']"
repli,"[12.250686862999999, 'VBN']"
hand,"[12.243586668999999, 'VBN']"
absorb,"[12.170107865, 'VBG']"
bake,"[12.13114754, 'VBN']"
ryzen,"[12.13114754, 'VBN']"
ice,"[12.13114754, 'VBG']"
quadrupl,"[12.13114754, 'VBD']"
sublicens,"[12.13114754, 'VB']"
hinder,"[12.13114754, 'VB']"
approxim,"[12.13114754, 'VB']"
confin,"[12.117413642, 'VBN']"
rollout,"[12.074148005, 'VBP']"
gratifi,"[12.074148005, 'VBG']"
intrigu,"[12.038493370000001, 'VBN']"
reviv,"[11.995510654, 'VB']"
scrap,"[11.963559104, 'VBD']"
retail,"[11.952938227, 'VB']"
dish,"[11.92589932, 'VBN']"
enthus,"[11.92589932, 'VBN']"
misus,"[11.92589932, 'VBN']"
spearhead,"[11.92589932, 'VBN']"
confound,"[11.92589932, 'VBN']"
jing,"[11.92589932, 'VBG']"
signup,"[11.92589932, 'VBD']"
alon,"[11.92589932, 'VBD']"
splurg,"[11.92589932, 'VBD']"
undoubt,"[11.92589932, 'VBD']"
host,"[11.909438613999999, 'VBZ']"
stick,"[11.902637990000002, 'VB']"
aris,"[11.894384042000002, 'VB']"
dwarf,"[11.864515412, 'VBN']"
heat,"[11.751452606999997, 'VBG']"
tread,"[11.713807126999999, 'VB']"
resign,"[11.671935663, 'VBD']"
command,"[11.666953874999999, 'VBP']"
forfeit,"[11.63171189, 'VBN']"
bundl,"[11.616470388, 'VBN']"
tailor,"[11.611470101, 'VBN']"
aid,"[11.581074519, 'VB']"
weaken,"[11.535234589999996, 'VBD']"
meddl,"[11.446224567, 'VB']"
innov,"[11.403606312, 'VB']"
caus,"[11.401511658999983, 'VB']"
underscor,"[11.391030041, 'VBD']"
escal,"[11.346744458, 'VBG']"
fabric,"[11.317829458, 'VBZ']"
complic,"[11.280470339999999, 'VBZ']"
clamor,"[11.269201634, 'VBG']"
eas,"[11.258403201, 'VBG']"
item,"[11.17318436, 'VBP']"
malfunct,"[11.17318436, 'VBG']"
fate,"[11.157197206, 'VBD']"
hover,"[11.131052435, 'VBG']"
master,"[11.096266974999999, 'VB']"
undervalu,"[11.050737482, 'VBN']"
matur,"[11.049484371000002, 'VBG']"
forese,"[11.046989341, 'VB']"
protest,"[10.886810809, 'VB']"
graphic,"[10.874704492, 'VBP']"
guarante,"[10.866900119999999, 'VB']"
map,"[10.745705710000001, 'VBG']"
flow,"[10.651597235, 'VBP']"
impli,"[10.647761867999993, 'VBD']"
resist,"[10.620153086, 'VBP']"
deter,"[10.574004414000001, 'VB']"
underperform,"[10.566839564, 'VBN']"
drill,"[10.564334328000001, 'VBG']"
insul,"[10.5156724, 'VBZ']"
congrat,"[10.5156724, 'VBZ']"
hereof,"[10.5156724, 'VBP']"
personnel,"[10.5156724, 'VBP']"
juxtapos,"[10.5156724, 'VBN']"
buri,"[10.5156724, 'VBN']"
wash,"[10.5156724, 'VBN']"
prone,"[10.5156724, 'VBN']"
tabul,"[10.5156724, 'VBG']"
therapi,"[10.5156724, 'VB']"
inclin,"[10.5156724, 'VB']"
slowli,"[10.5156724, 'VB']"
imper,"[10.453749526000001, 'VBZ']"
edit,"[10.427300540999997, 'VB']"
relaunch,"[10.372064916, 'VB']"
launchgalaxi,"[10.372064916, 'VB']"
demand,"[10.364272114999999, 'VB']"
notifi,"[10.293447716, 'VB']"
subdu,"[10.284188951, 'VBN']"
sway,"[10.254126474, 'VB']"
processor,"[10.24054, 'VBP']"
restor,"[10.207845316, 'VB']"
race,"[10.207411490000002, 'VBG']"
matter,"[10.176025291999999, 'VBP']"
mull,"[10.162443882, 'VBG']"
truli,"[10.134817892999997, 'VBP']"
dwindl,"[10.106798752, 'VBG']"
minim,"[10.065841267, 'VB']"
delight,"[10.059836915, 'VBD']"
stuck,"[10.028889413, 'VBN']"
ecosystem,"[9.970306519000001, 'VB']"
reloc,"[9.941625764000001, 'VBN']"
pertain,"[9.930284416, 'VBG']"
chase,"[9.912743004, 'VBG']"
han,"[9.773371105, 'VBZ']"
prospect,"[9.773371105, 'VBZ']"
upsid,"[9.773371105, 'VBP']"
o,"[9.773371105, 'VBP']"
cautious,"[9.773371105, 'VBP']"
presum,"[9.773371105, 'VBN']"
elat,"[9.773371105, 'VBN']"
bottl,"[9.773371105, 'VBG']"
franchis,"[9.773371105, 'VBG']"
notbank,"[9.773371105, 'VBG']"
flip,"[9.773371105, 'VBG']"
enthusiast,"[9.773371105, 'VBD']"
waft,"[9.773371105, 'VBD']"
culmin,"[9.773371105, 'VBD']"
encumb,"[9.698996656, 'VBN']"
better,"[9.685429609, 'VB']"
distract,"[9.683647021999999, 'VBZ']"
proven,"[9.620208807000001, 'VBN']"
be,"[9.596733736000003, 'VBG']"
fast,"[9.593837814999999, 'VB']"
servic,"[9.592205236000002, 'VB']"
reward,"[9.564972970000001, 'VBP']"
plagu,"[9.519439818, 'VBN']"
discredit,"[9.518549204, 'VBZ']"
ahd,"[9.518549204, 'VBP']"
ridicul,"[9.518549204, 'VBN']"
taunt,"[9.518549204, 'VBN']"
iter,"[9.518549204, 'VBG']"
infer,"[9.518549204, 'VB']"
handov,"[9.518549204, 'VB']"
rein,"[9.509013216000001, 'VBG']"
allay,"[9.450183272, 'VBG']"
react,"[9.443642324, 'VB']"
zack,"[9.41234845, 'VBZ']"
straddl,"[9.353315122, 'VBG']"
layer,"[9.353315122, 'VB']"
fault,"[9.335368746, 'VBN']"
upset,"[9.308841843, 'VBZ']"
rattl,"[9.308841843, 'VBD']"
team,"[9.224724972, 'VBP']"
behav,"[9.210211310000002, 'VB']"
underlin,"[9.185014577, 'VBN']"
roar,"[9.183074334, 'VBG']"
defin,"[9.170006289000025, 'VBN']"
n,"[9.163250542, 'VBP']"
flash,"[9.163250542, 'VBP']"
alloc,"[9.160890118000001, 'VBG']"
webcast,"[9.160890118000001, 'VB']"
fake,"[9.062028381000001, 'VBP']"
character,"[9.048595071999998, 'VBN']"
diversifi,"[9.031589486, 'VB']"
workload,"[9.007633588, 'VBZ']"
encod,"[9.007633588, 'VBG']"
turbo,"[9.007633588, 'VBG']"
true,"[8.997815401, 'VBP']"
videogam,"[8.997815401, 'VBP']"
shackl,"[8.997815401, 'VBG']"
sxxp,"[8.997815401, 'VBD']"
rode,"[8.997815401, 'VBD']"
bewar,"[8.997815401, 'VB']"
tangibl,"[8.997815401, 'VB']"
interest,"[8.993649332, 'VBG']"
revert,"[8.970824399000001, 'VBG']"
categori,"[8.958517211, 'VBZ']"
besid,"[8.958517211, 'VBZ']"
taxi,"[8.958517211, 'VBP']"
growth,"[8.958517211, 'VBP']"
isol,"[8.958517211, 'VBN']"
crawl,"[8.958517211, 'VBG']"
incentiv,"[8.958517211, 'VBG']"
loos,"[8.958517211, 'VBG']"
index,"[8.958517211, 'VBG']"
blend,"[8.958517211, 'VBD']"
transact,"[8.958517211, 'VB']"
macro,"[8.958517211, 'VB']"
indiscern,"[8.958517211, 'VB']"
vladimir,"[8.958517211, 'VB']"
preinstal,"[8.958517211, 'VB']"
gush,"[8.941029901000002, 'VBG']"
role,"[8.86214442, 'VBZ']"
outrun,"[8.86214442, 'VBZ']"
smb,"[8.86214442, 'VBP']"
tide,"[8.86214442, 'VB']"
lowbal,"[8.838071693, 'VBG']"
accommod,"[8.838071693, 'VB']"
trial,"[8.806985583, 'VBG']"
today,"[8.741084267, 'VBP']"
reinvigor,"[8.712233628, 'VB']"
score,"[8.68600568, 'VBD']"
reimburs,"[8.633753581, 'VBN']"
et,"[8.62278358, 'VBP']"
lap,"[8.62278358, 'VBG']"
recalcul,"[8.62278358, 'VB']"
pose,"[8.503067420999997, 'VBP']"
ew,"[8.479345065999999, 'VBD']"
tap,"[8.465901525, 'VB']"
slump,"[8.458738610000005, 'VBD']"
dispel,"[8.416833668, 'VB']"
embrac,"[8.309313575, 'VBG']"
import,"[8.304861318, 'VBZ']"
just,"[8.268879045, 'VBP']"
shop,"[8.230391841000001, 'VBG']"
rest,"[8.228688969, 'VB']"
surviv,"[8.164892777000002, 'VB']"
suffer,"[8.083855720999992, 'VBN']"
facilit,"[8.036947704, 'VBZ']"
pinpoint,"[7.9967806150000005, 'VB']"
restrict,"[7.995920974000001, 'VBD']"
journey,"[7.96460177, 'VBZ']"
slope,"[7.953337123, 'VBZ']"
order,"[7.919506116999999, 'VBD']"
claim,"[7.90542372700001, 'VBD']"
locat,"[7.8668053609999955, 'VBN']"
circul,"[7.820382133000001, 'VBG']"
flock,"[7.781394783, 'VBG']"
cheaper,"[7.762756215, 'VBZ']"
roundtabl,"[7.762756215, 'VBP']"
b,"[7.762756215, 'VBP']"
arkadi,"[7.762756215, 'VBP']"
spoken,"[7.762756215, 'VBN']"
propag,"[7.762756215, 'VBN']"
compact,"[7.762756215, 'VBG']"
document,"[7.762756215, 'VBD']"
leapt,"[7.762756215, 'VBD']"
sing,"[7.762756215, 'VBD']"
deterior,"[7.762756215, 'VB']"
waiv,"[7.762756215, 'VB']"
immun,"[7.762756215, 'VB']"
default,"[7.762756215, 'VB']"
caesar,"[7.762756215, 'VB']"
bye,"[7.762756215, 'VB']"
drawn,"[7.742325799000001, 'VBN']"
synergi,"[7.68018018, 'VBZ']"
tablet,"[7.68018018, 'VBZ']"
crest,"[7.68018018, 'VBN']"
flaw,"[7.68018018, 'VBN']"
cave,"[7.68018018, 'VBN']"
cell,"[7.68018018, 'VBN']"
corn,"[7.68018018, 'VBG']"
choke,"[7.68018018, 'VBG']"
stifl,"[7.68018018, 'VBG']"
text,"[7.68018018, 'VBG']"
emb,"[7.68018018, 'VBD']"
plot,"[7.68018018, 'VB']"
overag,"[7.68018018, 'VB']"
fluctuat,"[7.574525732, 'VBP']"
meant,"[7.541286247999997, 'VBN']"
contend,"[7.508291561, 'VBG']"
renam,"[7.496787218, 'VBN']"
http,"[7.388694585, 'VB']"
prepaid,"[7.331205378, 'VBN']"
chalk,"[7.311364115, 'VBD']"
love,"[7.310834147000003, 'VBZ']"
devic,"[7.294587429, 'VB']"
ail,"[7.252685507000001, 'VBG']"
champion,"[7.22788234, 'VBN']"
tesla,"[7.194409129, 'VB']"
sell,"[7.120688704000142, 'VB']"
slate,"[7.107235842999997, 'VBN']"
x,"[7.097636080000001, 'VBZ']"
forgotten,"[7.074228455999999, 'VB']"
io,"[7.069056290000001, 'VBP']"
grappl,"[7.055612614000002, 'VBG']"
request,"[7.0395054319999995, 'VBP']"
judg,"[7.034457926, 'VBG']"
assimil,"[7.032127611, 'VB']"
drone,"[6.948905894999999, 'VB']"
batteri,"[6.914709944, 'VBZ']"
undemand,"[6.782881692, 'VBG']"
wring,"[6.782881692, 'VBG']"
wherev,"[6.782881692, 'VB']"
preced,"[6.770040393000002, 'VBD']"
inch,"[6.75357942, 'VBN']"
unexpect,"[6.750764675999999, 'VBN']"
hate,"[6.701412466, 'VBG']"
broadband,"[6.691604322, 'VBP']"
server,"[6.642767628, 'VBZ']"
collaps,"[6.640151087, 'VB']"
mail,"[6.631356707, 'VBP']"
align,"[6.582890356000001, 'VBZ']"
yahoo,"[6.545531159000001, 'VB']"
overhaul,"[6.538947345, 'VBN']"
video,"[6.512477651, 'VB']"
deem,"[6.488399798, 'VBN']"
cryptocurr,"[6.447268430000001, 'VB']"
supercomput,"[6.4090041079999995, 'VBG']"
deriv,"[6.399794694999995, 'VBD']"
perk,"[6.399278954, 'VBZ']"
avert,"[6.399278954, 'VB']"
bezel,"[6.363730893, 'VBZ']"
shatter,"[6.329660465, 'VB']"
frustrat,"[6.220935901000004, 'VB']"
fund,"[6.218013830000001, 'VBN']"
tag,"[6.2169487740000005, 'VBD']"
doughnut,"[6.205894562, 'VBZ']"
retool,"[6.1419776, 'VB']"
mobil,"[6.021928361, 'VBP']"
brace,"[6.019437830999999, 'VBG']"
sprout,"[5.972797161, 'VBZ']"
reckon,"[5.972797161, 'VBP']"
function,"[5.972797161, 'VBP']"
hidden,"[5.972797161, 'VBN']"
profess,"[5.972797161, 'VBN']"
destin,"[5.972797161, 'VBN']"
scoop,"[5.972797161, 'VBN']"
swelter,"[5.972797161, 'VBG']"
breath,"[5.972797161, 'VBG']"
retak,"[5.972797161, 'VBG']"
swarm,"[5.972797161, 'VBG']"
hot,"[5.972797161, 'VBD']"
mind,"[5.972797161, 'VBD']"
embattl,"[5.972797161, 'VBD']"
meat,"[5.972797161, 'VB']"
unfold,"[5.972797161, 'VB']"
peek,"[5.972797161, 'VB']"
evok,"[5.972797161, 'VB']"
rant,"[5.972797161, 'VB']"
valid,"[5.952555372, 'VBN']"
apolog,"[5.941160712999999, 'VBD']"
hide,"[5.934667653, 'VB']"
scroll,"[5.8329811, 'VBG']"
streamlin,"[5.830385874000001, 'VB']"
discret,"[5.811448551, 'VBP']"
toppl,"[5.8042617509999985, 'VB']"
fit,"[5.737849373, 'VBZ']"
ray,"[5.699138502, 'VBP']"
activist,"[5.699138502, 'VBP']"
impair,"[5.699138502, 'VBN']"
espous,"[5.699138502, 'VBN']"
buffer,"[5.699138502, 'VBN']"
writedown,"[5.699138502, 'VBN']"
merchandis,"[5.699138502, 'VBG']"
cush,"[5.699138502, 'VBG']"
empt,"[5.699138502, 'VBD']"
underpin,"[5.699138502, 'VBD']"
yen19,"[5.699138502, 'VB']"
dwell,"[5.699138502, 'VB']"
nurtur,"[5.699138502, 'VB']"
tokyo,"[5.699138502, 'VB']"
quash,"[5.699138502, 'VB']"
grind,"[5.699138502, 'VB']"
yen2,"[5.699138502, 'VB']"
blu,"[5.699138502, 'VB']"
tweet,"[5.683042157, 'VBD']"
globalfoundri,"[5.658914729, 'VBZ']"
steve,"[5.658914729, 'VBZ']"
quit,"[5.658914729, 'VBZ']"
regardless,"[5.658914729, 'VBP']"
discount,"[5.658914729, 'VBN']"
convolv,"[5.658914729, 'VBN']"
obsess,"[5.658914729, 'VBN']"
substanti,"[5.658914729, 'VBN']"
conflat,"[5.658914729, 'VBN']"
bang,"[5.658914729, 'VBG']"
stake,"[5.658914729, 'VBG']"
sprawl,"[5.658914729, 'VBG']"
ring,"[5.658914729, 'VBG']"
labor,"[5.658914729, 'VBG']"
trump,"[5.658914729, 'VBD']"
sacrific,"[5.658914729, 'VB']"
expertis,"[5.658914729, 'VB']"
thesi,"[5.658914729, 'VB']"
ai,"[5.658914729, 'VB']"
dispens,"[5.658914729, 'VB']"
commut,"[5.658914729, 'VB']"
mass,"[5.654195676, 'VB']"
hundr,"[5.592484014, 'VBD']"
approach,"[5.543953986000002, 'VBZ']"
bull,"[5.522389059, 'VBZ']"
cheer,"[5.49076251, 'VB']"
archiv,"[5.463482061999999, 'VBN']"
capabl,"[5.437352246, 'VBZ']"
noon,"[5.437352246, 'VBZ']"
negat,"[5.437352246, 'VBP']"
reprot,"[5.437352246, 'VBN']"
born,"[5.437352246, 'VBN']"
compress,"[5.437352246, 'VBN']"
scream,"[5.437352246, 'VBG']"
saliv,"[5.437352246, 'VBG']"
lace,"[5.437352246, 'VBD']"
r5,"[5.437352246, 'VBD']"
carv,"[5.437352246, 'VBD']"
stripe,"[5.437352246, 'VBD']"
legitim,"[5.437352246, 'VB']"
pus,"[5.437352246, 'VB']"
storm,"[5.437352246, 'VB']"
igpus,"[5.437352246, 'VB']"
beforehand,"[5.437352246, 'VB']"
outclass,"[5.437352246, 'VB']"
navig,"[5.427655304000002, 'VBN']"
supplement,"[5.425543463999999, 'VB']"
reap,"[5.3468097860000015, 'VB']"
knock,"[5.291236911, 'VB']"
hyperconverg,"[5.254894576, 'VBN']"
exhaust,"[5.246344261, 'VBG']"
azur,"[5.214358446, 'VBP']"
elimin,"[5.213355618, 'VB']"
technolog,"[5.198653650999999, 'VBZ']"
tack,"[5.142696215000001, 'VBD']"
discov,"[5.042933672, 'VBN']"
ditch,"[5.036335099000001, 'VBG']"
cost,"[5.017443069999986, 'VB']"
beef,"[5.013796469, 'VB']"
correct,"[4.982832513, 'VBN']"
compris,"[4.931275815, 'VBD']"
buyback,"[4.849498328, 'VBZ']"
geographi,"[4.849498328, 'VBZ']"
profil,"[4.849498328, 'VBP']"
overview,"[4.849498328, 'VBP']"
healthcar,"[4.849498328, 'VBP']"
equival,"[4.849498328, 'VBP']"
march,"[4.849498328, 'VBP']"
underway,"[4.849498328, 'VBP']"
larri,"[4.849498328, 'VBP']"
snuck,"[4.849498328, 'VBP']"
bright,"[4.849498328, 'VBN']"
construct,"[4.849498328, 'VBN']"
vest,"[4.849498328, 'VBG']"
corevalv,"[4.849498328, 'VB']"
instat,"[4.849498328, 'VB']"
retrain,"[4.849498328, 'VB']"
twelv,"[4.849498328, 'VB']"
comp,"[4.849498328, 'VB']"
trickl,"[4.849498328, 'VB']"
electrophysiolog,"[4.849498328, 'VB']"
remit,"[4.849498328, 'VB']"
discharg,"[4.849498328, 'VB']"
credit,"[4.845373233999999, 'VBD']"
strain,"[4.763038819, 'VBD']"
shave,"[4.752905583, 'VB']"
outweigh,"[4.739187093999998, 'VBP']"
crude,"[4.725091636, 'VBZ']"
big,"[4.725091636, 'VBP']"
sooth,"[4.725091636, 'VBN']"
camp,"[4.725091636, 'VBG']"
forgiv,"[4.725091636, 'VBG']"
tether,"[4.725091636, 'VBD']"
droop,"[4.725091636, 'VBD']"
trek,"[4.725091636, 'VB']"
land,"[4.725091636, 'VB']"
materialis,"[4.725091636, 'VB']"
expenditur,"[4.711894162999999, 'VBZ']"
insight,"[4.707792208, 'VBN']"
downsw,"[4.707792208, 'VBG']"
broadcast,"[4.688085074, 'VBN']"
enthusiasm,"[4.6064832, 'VBZ']"
vie,"[4.591537167, 'VBZ']"
vacuum,"[4.591537167, 'VBP']"
unresolv,"[4.591537167, 'VBN']"
sleep,"[4.591537167, 'VBG']"
cram,"[4.591537167, 'VBD']"
countersu,"[4.591537167, 'VBD']"
dictat,"[4.587719244999999, 'VBZ']"
juic,"[4.5842748879999995, 'VB']"
vendor,"[4.581625271, 'VBZ']"
drugstor,"[4.581625271, 'VBZ']"
sens,"[4.581625271, 'VBP']"
hustl,"[4.581625271, 'VBP']"
overblown,"[4.581625271, 'VBN']"
superconduct,"[4.581625271, 'VBG']"
repaid,"[4.581625271, 'VBD']"
compos,"[4.581625271, 'VBD']"
cheap,"[4.581625271, 'VB']"
seced,"[4.581625271, 'VB']"
catalyst,"[4.503816794, 'VBZ']"
purpos,"[4.503816794, 'VBZ']"
pot,"[4.503816794, 'VBZ']"
driver,"[4.503816794, 'VBZ']"
horsepow,"[4.503816794, 'VBP']"
pattern,"[4.503816794, 'VBP']"
starv,"[4.503816794, 'VBN']"
packag,"[4.503816794, 'VBN']"
hype,"[4.503816794, 'VBN']"
crunch,"[4.503816794, 'VBG']"
devot,"[4.503816794, 'VBG']"
polish,"[4.503816794, 'VBG']"
overachiev,"[4.503816794, 'VBG']"
outpric,"[4.503816794, 'VBG']"
stagger,"[4.503816794, 'VBG']"
unlabel,"[4.503816794, 'VBD']"
multithread,"[4.503816794, 'VBD']"
unreleas,"[4.503816794, 'VBD']"
gobbl,"[4.503816794, 'VBD']"
spice,"[4.503816794, 'VBD']"
grasp,"[4.503816794, 'VBD']"
kickstart,"[4.503816794, 'VB']"
preorder,"[4.503816794, 'VB']"
ev,"[4.503816794, 'VB']"
overinfl,"[4.503816794, 'VB']"
pooh,"[4.503816794, 'VB']"
leapfrog,"[4.503816794, 'VB']"
cater,"[4.503816794, 'VB']"
boot,"[4.503816794, 'VB']"
paint,"[4.501533706, 'VBD']"
yes,"[4.443951027000001, 'VB']"
cancel,"[4.4191830030000006, 'VBD']"
sidl,"[4.384667653, 'VBZ']"
vow,"[4.384667653, 'VBZ']"
charm,"[4.384667653, 'VBG']"
amaz,"[4.384667653, 'VBG']"
hassl,"[4.384667653, 'VBG']"
borrow,"[4.384667653, 'VB']"
admir,"[4.384667653, 'VB']"
factor,"[4.378029418000001, 'VBN']"
insid,"[4.354077504999999, 'VB']"
debit,"[4.31139179, 'VBZ']"
euro,"[4.31139179, 'VBZ']"
thorough,"[4.31139179, 'VBP']"
alongsid,"[4.31139179, 'VBP']"
bob,"[4.31139179, 'VBP']"
possibl,"[4.31139179, 'VBP']"
as,"[4.31139179, 'VBP']"
issuer,"[4.31139179, 'VBP']"
exposur,"[4.31139179, 'VBP']"
sail,"[4.31139179, 'VBN']"
unhedg,"[4.31139179, 'VBN']"
badg,"[4.31139179, 'VBN']"
enumer,"[4.31139179, 'VBN']"
drift,"[4.31139179, 'VBN']"
offshor,"[4.31139179, 'VBN']"
outbound,"[4.31139179, 'VBN']"
talent,"[4.31139179, 'VBN']"
predic,"[4.31139179, 'VBN']"
permit,"[4.31139179, 'VBG']"
nudg,"[4.31139179, 'VBG']"
exhilar,"[4.31139179, 'VBG']"
line,"[4.31139179, 'VBG']"
countervail,"[4.31139179, 'VBG']"
shorthand,"[4.31139179, 'VBD']"
orchestr,"[4.31139179, 'VBD']"
foster,"[4.31139179, 'VB']"
somewhat,"[4.31139179, 'VB']"
assur,"[4.31139179, 'VB']"
recap,"[4.31139179, 'VB']"
behind,"[4.31139179, 'VB']"
speech,"[4.295180548, 'VB']"
testifi,"[4.293636009, 'VBD']"
amzn,"[4.249229851, 'VBP']"
nix,"[4.242487262, 'VBZ']"
purport,"[4.242487262, 'VBZ']"
home,"[4.242487262, 'VBN']"
quak,"[4.242487262, 'VBG']"
pore,"[4.242487262, 'VBD']"
duo,"[4.242487262, 'VBD']"
ho,"[4.242487262, 'VBD']"
postpon,"[4.242487262, 'VB']"
belong,"[4.242487262, 'VB']"
sandbag,"[4.208416834, 'VBG']"
silenc,"[4.208416834, 'VBG']"
harvest,"[4.208416834, 'VBG']"
redefin,"[4.208416834, 'VBD']"
shell,"[4.208416834, 'VB']"
protect,"[4.159621178, 'VB']"
cyberthiev,"[4.0394322460000005, 'VBZ']"
unearth,"[4.0394322460000005, 'VBN']"
persuad,"[4.0394322460000005, 'VB']"
alter,"[3.9875255759999995, 'VBG']"
anchor,"[3.982300885, 'VBN']"
ratio,"[3.9777726899999983, 'VB']"
bruce,"[3.957487255, 'VBP']"
anyway,"[3.957487255, 'VBP']"
laps,"[3.957487255, 'VBN']"
disciplin,"[3.957487255, 'VBN']"
articul,"[3.957487255, 'VBN']"
hone,"[3.957487255, 'VBG']"
reason,"[3.957487255, 'VBG']"
proctor,"[3.957487255, 'VBG']"
muffl,"[3.957487255, 'VBD']"
physician,"[3.957487255, 'VB']"
mistak,"[3.957487255, 'VB']"
convey,"[3.957487255, 'VB']"
tavr,"[3.957487255, 'VB']"
cardioband,"[3.957487255, 'VB']"
educ,"[3.945943303, 'VBG']"
sacrif,"[3.9423051190000002, 'VBD']"
collabor,"[3.85037288, 'VBP']"
googl,"[3.8351030460000004, 'VB']"
discontinu,"[3.8003458109999997, 'VBN']"
rang,"[3.7540580120000033, 'VBG']"
welcom,"[3.747662084999999, 'VB']"
smartphon,"[3.7157767699999997, 'VBD']"
miniscul,"[3.710849861, 'VBN']"
coil,"[3.710849861, 'VBG']"
steepen,"[3.710849861, 'VBG']"
empow,"[3.710849861, 'VBG']"
boycot,"[3.710849861, 'VBG']"
dot,"[3.710849861, 'VBD']"
intermedi,"[3.710849861, 'VB']"
fresh,"[3.710849861, 'VB']"
trust,"[3.685216425999999, 'VB']"
restructur,"[3.672806492, 'VBN']"
mute,"[3.658404985, 'VBN']"
exert,"[3.611337061, 'VBD']"
self,"[3.605935562999999, 'VB']"
corrobor,"[3.588607269, 'VBN']"
alert,"[3.5444775450000003, 'VBZ']"
suit,"[3.503654079, 'VB']"
hurt,"[3.471705021000009, 'VB']"
authoris,"[3.457354972, 'VBN']"
refurbish,"[3.457354972, 'VBN']"
stylus,"[3.457354972, 'VBD']"
stamp,"[3.457354972, 'VBD']"
rebrand,"[3.457354972, 'VB']"
unsurpris,"[3.457354972, 'VB']"
signifi,"[3.457354972, 'VB']"
length,"[3.457354972, 'VB']"
reliev,"[3.4381581909999994, 'VB']"
reconfigur,"[3.409114119, 'VB']"
scrambl,"[3.3774718030000006, 'VBD']"
gov,"[3.3021838400000014, 'VBP']"
well,"[3.2526669530000003, 'VB']"
interfer,"[3.1774907169999995, 'VB']"
everywher,"[3.139717425, 'VBZ']"
demo,"[3.139717425, 'VBZ']"
quick,"[3.139717425, 'VBP']"
alik,"[3.139717425, 'VBP']"
silo,"[3.139717425, 'VBN']"
enlist,"[3.139717425, 'VBG']"
surf,"[3.139717425, 'VBG']"
cling,"[3.139717425, 'VBG']"
bustl,"[3.139717425, 'VBG']"
shun,"[3.139717425, 'VB']"
keyboard,"[3.139717425, 'VB']"
in,"[3.102947281, 'VBZ']"
further,"[3.102947281, 'VBZ']"
fun,"[3.102947281, 'VBZ']"
deliveri,"[3.102947281, 'VBZ']"
amazon,"[3.102947281, 'VBP']"
etho,"[3.102947281, 'VBP']"
ripe,"[3.102947281, 'VBP']"
pinch,"[3.102947281, 'VBN']"
flown,"[3.102947281, 'VBN']"
falter,"[3.102947281, 'VBN']"
scare,"[3.102947281, 'VBN']"
eke,"[3.102947281, 'VBG']"
bag,"[3.102947281, 'VBG']"
dabbl,"[3.102947281, 'VBG']"
procur,"[3.102947281, 'VBG']"
hawk,"[3.102947281, 'VBG']"
bulk,"[3.102947281, 'VBG']"
whistl,"[3.102947281, 'VBG']"
gripe,"[3.102947281, 'VBD']"
jolt,"[3.102947281, 'VBD']"
panick,"[3.102947281, 'VBD']"
woke,"[3.102947281, 'VBD']"
pound,"[3.102947281, 'VBD']"
thaw,"[3.102947281, 'VB']"
shoe,"[3.102947281, 'VB']"
rippl,"[3.102947281, 'VB']"
excel,"[3.102947281, 'VB']"
brutal,"[3.102947281, 'VB']"
placat,"[3.102947281, 'VB']"
brick,"[3.102947281, 'VB']"
npr,"[3.102947281, 'VB']"
mortar,"[3.102947281, 'VB']"
reform,"[3.102947281, 'VB']"
leg,"[3.0994195519999996, 'VBP']"
redistribut,"[3.0994195519999996, 'VBG']"
crowd,"[3.0709888, 'VBN']"
fizzl,"[3.0709888, 'VB']"
replay,"[3.0630715100000003, 'VBN']"
equiti,"[3.048780488, 'VBZ']"
amus,"[3.048780488, 'VBN']"
quiet,"[3.048780488, 'VBN']"
unnam,"[3.048780488, 'VBD']"
upend,"[3.048780488, 'VB']"
wire,"[3.048780488, 'VB']"
capit,"[3.016679463000001, 'VB']"
shot,"[3.007127093, 'VBN']"
compromis,"[2.927239067, 'VBN']"
interrupt,"[2.91649055, 'VBP']"
upward,"[2.91649055, 'VBP']"
unsatisfi,"[2.91649055, 'VBN']"
script,"[2.91649055, 'VBN']"
expend,"[2.91649055, 'VBN']"
stuf,"[2.91649055, 'VBN']"
chide,"[2.91649055, 'VBD']"
number,"[2.91649055, 'VBD']"
reemphas,"[2.91649055, 'VB']"
bullish,"[2.91649055, 'VB']"
concentr,"[2.91649055, 'VB']"
inspir,"[2.827449501, 'VB']"
rout,"[2.822268860000001, 'VBG']"
hack,"[2.8111454370000004, 'VBG']"
preview,"[2.8049414709999994, 'VBP']"
peski,"[2.768287106, 'VBZ']"
unsur,"[2.768287106, 'VBP']"
water,"[2.768287106, 'VBG']"
export,"[2.768287106, 'VBG']"
showroom,"[2.768287106, 'VBD']"
local,"[2.768287106, 'VB']"
wealthi,"[2.768287106, 'VB']"
tim,"[2.768287106, 'VB']"
understood,"[2.765389162, 'VBN']"
entertain,"[2.6663977860000005, 'VBG']"
doubt,"[2.6538342349999997, 'VBN']"
migrat,"[2.6198493230000013, 'VBG']"
dive,"[2.579082811, 'VBD']"
mint,"[2.555647156, 'VBN']"
possess,"[2.555647156, 'VBG']"
offspr,"[2.555647156, 'VBG']"
forg,"[2.555647156, 'VBD']"
ix,"[2.506098913, 'VBZ']"
stockhold,"[2.506098913, 'VBZ']"
iii,"[2.506098913, 'VBZ']"
iv,"[2.506098913, 'VBP']"
ii,"[2.506098913, 'VBP']"
general,"[2.506098913, 'VBP']"
vii,"[2.506098913, 'VBP']"
thereund,"[2.506098913, 'VBP']"
terrorist,"[2.506098913, 'VBP']"
unpunish,"[2.506098913, 'VBN']"
accredit,"[2.506098913, 'VBN']"
institut,"[2.506098913, 'VBN']"
loosen,"[2.506098913, 'VBG']"
infight,"[2.506098913, 'VBG']"
provis,"[2.506098913, 'VBG']"
zag,"[2.506098913, 'VBG']"
forego,"[2.506098913, 'VBG']"
zig,"[2.506098913, 'VBG']"
divert,"[2.506098913, 'VBG']"
encrypt,"[2.506098913, 'VBD']"
stole,"[2.506098913, 'VBD']"
beleagu,"[2.506098913, 'VBD']"
rich,"[2.506098913, 'VB']"
refrain,"[2.506098913, 'VB']"
dispos,"[2.506098913, 'VB']"
inconveni,"[2.506098913, 'VB']"
consumm,"[2.506098913, 'VB']"
verizon,"[2.506098913, 'VB']"
ventur,"[2.445089101, 'VBZ']"
eye,"[2.445089101, 'VBG']"
eweek,"[2.445089101, 'VBG']"
insur,"[2.445089101, 'VB']"
intensifi,"[2.3491950160000012, 'VBG']"
leagu,"[2.344042537, 'VBZ']"
fb,"[2.344042537, 'VBP']"
angl,"[2.344042537, 'VBG']"
air,"[2.344042537, 'VBG']"
wherebi,"[2.344042537, 'VBD']"
antagon,"[2.344042537, 'VB']"
tabl,"[2.344042537, 'VB']"
frame,"[2.265256879, 'VB']"
artist,"[2.265122265, 'VBZ']"
spotifi,"[2.265122265, 'VB']"
requir,"[2.2437583859999926, 'VB']"
converg,"[2.206114088, 'VBD']"
funnel,"[2.196790632, 'VBP']"
logo,"[2.121243631, 'VBZ']"
languag,"[2.121243631, 'VBZ']"
defect,"[2.121243631, 'VBZ']"
bracket,"[2.121243631, 'VBN']"
criticis,"[2.121243631, 'VBN']"
sourc,"[2.121243631, 'VBG']"
scanner,"[2.121243631, 'VBD']"
recycl,"[2.121243631, 'VB']"
verifi,"[2.121243631, 'VB']"
maneuv,"[2.121243631, 'VB']"
redeem,"[2.121243631, 'VB']"
bixbi,"[2.121243631, 'VB']"
unbox,"[2.121243631, 'VB']"
wast,"[2.1112495709999997, 'VBG']"
spur,"[2.0885417840000002, 'VB']"
preserv,"[2.0715120920000003, 'VBG']"
implant,"[2.059854295000001, 'VBG']"
drove,"[1.9903821749999953, 'VBD']"
platform,"[1.9714005120000007, 'VBZ']"
root,"[1.944247647000001, 'VB']"
engin,"[1.936555220999999, 'VB']"
rethink,"[1.910849188, 'VB']"
purs,"[1.905187314, 'VBZ']"
resembl,"[1.905187314, 'VBZ']"
agita,"[1.905187314, 'VBP']"
overpr,"[1.905187314, 'VBN']"
hum,"[1.905187314, 'VBG']"
taught,"[1.905187314, 'VBD']"
traffick,"[1.905187314, 'VBD']"
msft,"[1.905187314, 'VBD']"
commerci,"[1.905187314, 'VB']"
abund,"[1.905187314, 'VB']"
danc,"[1.905187314, 'VB']"
ruin,"[1.905187314, 'VB']"
idl,"[1.905187314, 'VB']"
intc,"[1.905187314, 'VB']"
tech,"[1.8829680720000002, 'VB']"
interconnect,"[1.873619719, 'VBN']"
rescind,"[1.873619719, 'VBN']"
allevi,"[1.873619719, 'VB']"
tour,"[1.873619719, 'VB']"
pad,"[1.873619719, 'VB']"
mayb,"[1.8357188349999998, 'VB']"
heighten,"[1.7368674619999998, 'VB']"
gon,"[1.7018844269999995, 'VBG']"
strip,"[1.7015979829999988, 'VBD']"
optim,"[1.694900230999997, 'VBN']"
wound,"[1.690954083, 'VBD']"
reorgan,"[1.690954083, 'VBD']"
commerc,"[1.687849517, 'VBP']"
reset,"[1.687849517, 'VBG']"
reced,"[1.687849517, 'VBD']"
quad,"[1.687849517, 'VBD']"
retest,"[1.687849517, 'VBD']"
chart,"[1.6616932299999996, 'VBP']"
bypass,"[1.5761890129999998, 'VB']"
cement,"[1.553547005, 'VB']"
lawsuit,"[1.55, 'VBD']"
code,"[1.55, 'VB']"
emir,"[1.5354944, 'VBZ']"
powerhous,"[1.5354944, 'VBP']"
configur,"[1.5354944, 'VBN']"
conjur,"[1.5354944, 'VBN']"
accru,"[1.5354944, 'VBN']"
renown,"[1.5354944, 'VBN']"
invigor,"[1.5354944, 'VBG']"
supercharg,"[1.5354944, 'VBG']"
inaugur,"[1.5354944, 'VBD']"
imprint,"[1.5354944, 'VB']"
offload,"[1.533333333, 'VBZ']"
jeopard,"[1.533333333, 'VBN']"
scuttl,"[1.533333333, 'VBN']"
midmorn,"[1.533333333, 'VBG']"
age,"[1.533333333, 'VBG']"
unwav,"[1.533333333, 'VBG']"
hash,"[1.533333333, 'VBD']"
entail,"[1.533333333, 'VB']"
chosen,"[1.5128266809999995, 'VBN']"
mix,"[1.509869359, 'VBN']"
assert,"[1.4854831609999977, 'VBD']"
pepper,"[1.455934125, 'VBD']"
recruit,"[1.3140008200000002, 'VB']"
bubbl,"[1.278671357, 'VB']"
underweight,"[1.255522596, 'VB']"
multipl,"[1.2288791640000012, 'VB']"
kill,"[1.2073599809999997, 'VBN']"
leas,"[1.153745997, 'VBZ']"
expens,"[1.1520902719999988, 'VBN']"
tail,"[1.1228876650000004, 'VB']"
ware,"[1.103057044, 'VBZ']"
premis,"[1.103057044, 'VBZ']"
instil,"[1.103057044, 'VBP']"
proper,"[1.103057044, 'VBP']"
disaggreg,"[1.103057044, 'VBN']"
duplic,"[1.103057044, 'VBN']"
anger,"[1.103057044, 'VBD']"
exec,"[1.103057044, 'VBD']"
unifi,"[1.103057044, 'VBD']"
preload,"[1.103057044, 'VBD']"
hybrid,"[1.103057044, 'VB']"
modernis,"[1.103057044, 'VB']"
furnish,"[1.103057044, 'VB']"
societi,"[1.103057044, 'VB']"
wander,"[1.103057044, 'VB']"
termin,"[1.103057044, 'VB']"
shuttl,"[1.103057044, 'VB']"
gaug,"[1.054375749, 'VB']"
pioneer,"[1.04885318, 'VBD']"
co,"[1.014015995, 'VB']"
secur,"[0.9886424059999981, 'VBG']"
reliant,"[0.9514960950000004, 'VB']"
leav,"[0.8679928000000015, 'VBZ']"
assign,"[0.8676633420000002, 'VBD']"
size,"[0.8589929320000005, 'VBN']"
erod,"[0.7829373850000003, 'VBN']"
outperform,"[0.7648966630000023, 'VBN']"
confus,"[0.7286999349999999, 'VBD']"
anyth,"[0.724729816, 'VBG']"
quantifi,"[0.7220756760000002, 'VB']"
enact,"[0.718751095, 'VB']"
persist,"[0.654533341, 'VB']"
built,"[0.6465558299999952, 'VBN']"
blow,"[0.6049210250000026, 'VBZ']"
pend,"[0.5986145910000014, 'VBG']"
liabil,"[0.5760451359999994, 'VBZ']"
deduct,"[0.5760451359999994, 'VBG']"
sapien,"[0.5760451359999994, 'VB']"
android,"[0.5760451359999994, 'VB']"
conting,"[0.5760451359999994, 'VB']"
consum,"[0.553522303000002, 'VBG']"
mar,"[0.5434108929999999, 'VBN']"
afford,"[0.383195155000001, 'VBD']"
squabbl,"[0.3014248500000001, 'VBG']"
balk,"[0.3014248500000001, 'VBG']"
qualifi,"[0.27724322999999984, 'VBD']"
lay,"[0.1972484440000004, 'VBG']"
motiv,"[0.17702486499999992, 'VBN']"
provok,"[0.17702486499999992, 'VBG']"
pass,"[0.1768666219999977, 'VBD']"
pivot,"[0.16435592300000001, 'VBZ']"
tool,"[0.12550354900000027, 'VBG']"
wane,"[0.1229543719999997, 'VBG']"
undermin,"[0.07404990900000019, 'VB']"
communic,"[0.02714037700000027, 'VBP']"
stage,"[0.008764786999999608, 'VBN']"
dodg,"[-0.03323532500000015, 'VB']"
challeng,"[-0.1531251640000013, 'VBZ']"
cluster,"[-0.2000066330000001, 'VBG']"
contract,"[-0.2991218300000007, 'VBD']"
doe,"[-0.3219742530000005, 'VBZ']"
pan,"[-0.3344828859999991, 'VBP']"
affili,"[-0.40325752500000034, 'VBZ']"
zero,"[-0.4326127909999995, 'VBN']"
becam,"[-0.4835555010000032, 'VBD']"
priorit,"[-0.5335679030000002, 'VBG']"
eschew,"[-0.6619604429999999, 'VBD']"
inject,"[-0.8226482240000008, 'VBD']"
extract,"[-0.8601022039999995, 'VB']"
torn,"[-1.0046329129999996, 'VB']"
light,"[-1.0907226980000004, 'VBD']"
restart,"[-1.1894369119999997, 'VB']"
superimpos,"[-1.192098093, 'VBZ']"
bar,"[-1.192098093, 'VBZ']"
akin,"[-1.192098093, 'VBP']"
enforc,"[-1.192098093, 'VBP']"
cosponsor,"[-1.192098093, 'VBN']"
intrud,"[-1.192098093, 'VBN']"
stilt,"[-1.192098093, 'VBN']"
silent,"[-1.192098093, 'VBN']"
proclaim,"[-1.192098093, 'VBN']"
backtrack,"[-1.192098093, 'VBN']"
redress,"[-1.192098093, 'VBN']"
whir,"[-1.192098093, 'VBG']"
interf,"[-1.192098093, 'VBG']"
pretend,"[-1.192098093, 'VBG']"
eman,"[-1.192098093, 'VBG']"
defeat,"[-1.192098093, 'VBG']"
skewer,"[-1.192098093, 'VBD']"
trick,"[-1.192098093, 'VBD']"
prolifer,"[-1.192098093, 'VBD']"
cnet,"[-1.192098093, 'VB']"
roost,"[-1.192098093, 'VB']"
tilt,"[-1.192098093, 'VB']"
disapprov,"[-1.192098093, 'VB']"
sunni,"[-1.192098093, 'VB']"
devis,"[-1.192098093, 'VB']"
derisk,"[-1.2308926849999997, 'VB']"
person,"[-1.2588088109999997, 'VBN']"
shoot,"[-1.266437967, 'VBG']"
attend,"[-1.266437967, 'VBG']"
peak,"[-1.2668313199999988, 'VBG']"
warn,"[-1.2702049810000027, 'VBG']"
tip,"[-1.2708502719999997, 'VBZ']"
deserv,"[-1.281139142, 'VBD']"
royalti,"[-1.291578202, 'VBZ']"
overpaid,"[-1.291578202, 'VBD']"
prepay,"[-1.291578202, 'VB']"
recast,"[-1.291578202, 'VB']"
equip,"[-1.3275938479999998, 'VBN']"
overcom,"[-1.353743784, 'VB']"
troubl,"[-1.3660798190000003, 'VBN']"
stumbl,"[-1.3664358839999995, 'VBD']"
dampen,"[-1.3677796879999997, 'VBN']"
touch,"[-1.392709, 'VBG']"
laid,"[-1.4241976899999997, 'VBD']"
roe,"[-1.426426426, 'VB']"
oversold,"[-1.426426426, 'VB']"
custom,"[-1.4437644130000002, 'VBG']"
knew,"[-1.485990654000001, 'VBD']"
clobber,"[-1.486896469, 'VBN']"
stolen,"[-1.5461175129999987, 'VBN']"
field,"[-1.5765742190000003, 'VBN']"
smooth,"[-1.6360502310000002, 'VBG']"
repost,"[-1.638253158, 'VBN']"
activ,"[-1.643664093, 'VB']"
compel,"[-1.6442156970000004, 'VBG']"
t,"[-1.656190807999999, 'VBP']"
network,"[-1.7166827750000095, 'VBG']"
twin,"[-1.758122253, 'VBZ']"
solar,"[-1.758122253, 'VBP']"
math,"[-1.758122253, 'VBP']"
rescu,"[-1.758122253, 'VBG']"
chronicl,"[-1.758122253, 'VBD']"
mesh,"[-1.758122253, 'VB']"
recus,"[-1.758122253, 'VB']"
storag,"[-1.758122253, 'VB']"
door,"[-1.758122253, 'VB']"
homeown,"[-1.758122253, 'VB']"
rooftop,"[-1.758122253, 'VB']"
telesal,"[-1.758122253, 'VB']"
outfit,"[-1.758122253, 'VB']"
transfer,"[-1.758122253, 'VB']"
enlarg,"[-1.813253836, 'VB']"
dog,"[-1.8376543879999998, 'VBN']"
len,"[-1.881918819, 'VBZ']"
baseband,"[-1.881918819, 'VBP']"
fought,"[-1.881918819, 'VBN']"
harm,"[-1.881918819, 'VBG']"
underwhelm,"[-1.881918819, 'VBG']"
wage,"[-1.881918819, 'VBG']"
escap,"[-1.881918819, 'VB']"
interven,"[-1.881918819, 'VB']"
modern,"[-1.9282528370000003, 'VB']"
infrastructur,"[-1.9396899879999996, 'VBZ']"
revolution,"[-2.0043633169999993, 'VBD']"
shine,"[-2.077058207, 'VBG']"
fold,"[-2.2182475619999997, 'VBN']"
method,"[-2.229179611, 'VB']"
arrang,"[-2.237183269999999, 'VB']"
pitch,"[-2.2544295329999997, 'VBG']"
insinu,"[-2.2594470840000005, 'VBD']"
last,"[-2.2763347760000006, 'VBN']"
readi,"[-2.3510319709999994, 'VBP']"
deadlock,"[-2.384196186, 'VBD']"
deceiv,"[-2.384196186, 'VB']"
clear,"[-2.4126867450000025, 'VBD']"
channel,"[-2.4756729550000003, 'VB']"
flatten,"[-2.55824899, 'VBN']"
overinvest,"[-2.564102564, 'VBP']"
unturn,"[-2.564102564, 'VBD']"
structur,"[-2.583156404, 'VBN']"
overpay,"[-2.583156404, 'VBG']"
melt,"[-2.5983620399999996, 'VBG']"
plow,"[-2.6231287109999997, 'VB']"
stress,"[-2.643718323, 'VBD']"
renegoti,"[-2.649628696, 'VBG']"
ensur,"[-2.656905642000008, 'VB']"
fret,"[-2.7464777249999983, 'VBD']"
anticip,"[-2.767461822000003, 'VBN']"
holdout,"[-2.801522431, 'VBZ']"
popul,"[-2.801522431, 'VBP']"
soak,"[-2.801522431, 'VBP']"
divvi,"[-2.801522431, 'VBN']"
academ,"[-2.801522431, 'VBN']"
skateboard,"[-2.801522431, 'VBG']"
but,"[-2.801522431, 'VBG']"
tronc,"[-2.801522431, 'VBD']"
recod,"[-2.801522431, 'VBD']"
sidestep,"[-2.801522431, 'VB']"
satiris,"[-2.801932367, 'VBZ']"
hominem,"[-2.801932367, 'VBZ']"
racist,"[-2.801932367, 'VBP']"
teach,"[-2.801932367, 'VBP']"
pirat,"[-2.801932367, 'VBP']"
cue,"[-2.801932367, 'VBP']"
thumb,"[-2.801932367, 'VBP']"
privileg,"[-2.801932367, 'VBN']"
drench,"[-2.801932367, 'VBN']"
brainwash,"[-2.801932367, 'VBN']"
offend,"[-2.801932367, 'VBN']"
thrown,"[-2.801932367, 'VBN']"
mainstream,"[-2.801932367, 'VBN']"
belov,"[-2.801932367, 'VBN']"
shriek,"[-2.801932367, 'VBG']"
bait,"[-2.801932367, 'VBG']"
waltz,"[-2.801932367, 'VBG']"
troll,"[-2.801932367, 'VBG']"
debunk,"[-2.801932367, 'VBG']"
patron,"[-2.801932367, 'VBG']"
loser,"[-2.801932367, 'VBD']"
wake,"[-2.801932367, 'VB']"
stori,"[-2.801932367, 'VB']"
denounc,"[-2.801932367, 'VB']"
voic,"[-2.810150846, 'VB']"
adult,"[-2.842123564, 'VBZ']"
overload,"[-2.842123564, 'VB']"
adapt,"[-2.903274088, 'VB']"
shift,"[-2.9313927310000025, 'VBN']"
shorten,"[-2.9359879589999998, 'VBG']"
rebound,"[-2.951344938, 'VBD']"
lump,"[-3.011013803, 'VBP']"
found,"[-3.1519892729999874, 'VBD']"
remedi,"[-3.155465878, 'VBZ']"
dealt,"[-3.155465878, 'VBZ']"
breakdown,"[-3.155465878, 'VBP']"
blown,"[-3.155465878, 'VBN']"
singl,"[-3.155465878, 'VBN']"
cook,"[-3.155465878, 'VBG']"
goog,"[-3.155465878, 'VBD']"
content,"[-3.155465878, 'VB']"
unbundl,"[-3.155465878, 'VB']"
ra,"[-3.171544631, 'VBZ']"
oh,"[-3.171544631, 'VBZ']"
centr,"[-3.171544631, 'VBZ']"
deliber,"[-3.171544631, 'VBZ']"
indict,"[-3.171544631, 'VBN']"
veil,"[-3.171544631, 'VBN']"
sharehold,"[-3.171544631, 'VBG']"
bribe,"[-3.171544631, 'VBG']"
bow,"[-3.171544631, 'VBD']"
ki,"[-3.171544631, 'VBD']"
sil,"[-3.171544631, 'VBD']"
unvalu,"[-3.171544631, 'VBD']"
jail,"[-3.171544631, 'VBD']"
conven,"[-3.171544631, 'VBD']"
donat,"[-3.171544631, 'VB']"
spare,"[-3.171544631, 'VB']"
combat,"[-3.17503697, 'VB']"
plug,"[-3.186215957999999, 'VBN']"
wrong,"[-3.186215957999999, 'VB']"
uncov,"[-3.242649079, 'VB']"
ebay,"[-3.302953914, 'VBZ']"
bell,"[-3.302953914, 'VBP']"
correl,"[-3.302953914, 'VBN']"
safe,"[-3.302953914, 'VB']"
encompass,"[-3.302953914, 'VB']"
phenomenon,"[-3.302953914, 'VB']"
xautoplay,"[-3.302953914, 'VB']"
pin,"[-3.3140699179999995, 'VBZ']"
expedit,"[-3.3218872400000006, 'VB']"
brokerag,"[-3.326102675, 'VBZ']"
burden,"[-3.326102675, 'VBP']"
sting,"[-3.326102675, 'VBG']"
recoup,"[-3.326102675, 'VBG']"
risk,"[-3.326102675, 'VB']"
sentiment,"[-3.3608619290000004, 'VBD']"
herald,"[-3.382350877, 'VBN']"
examin,"[-3.419235522, 'VBG']"
annex,"[-3.516244506, 'VB']"
spill,"[-3.5522771659999997, 'VB']"
alphabet,"[-3.572531248, 'VBZ']"
glaze,"[-3.572531248, 'VBP']"
worrisom,"[-3.572531248, 'VBN']"
shadow,"[-3.572531248, 'VBN']"
annoy,"[-3.572531248, 'VBG']"
skid,"[-3.63752976, 'VBD']"
ceas,"[-3.640041072, 'VB']"
bother,"[-3.651046632999999, 'VBN']"
govern,"[-3.675774388, 'VBP']"
user,"[-3.7634455449999997, 'VB']"
plane,"[-3.764907724, 'VBZ']"
busiest,"[-3.764907724, 'VBP']"
pummel,"[-3.764907724, 'VBN']"
gift,"[-3.764907724, 'VBN']"
mingl,"[-3.764907724, 'VBG']"
gallop,"[-3.764907724, 'VBG']"
staf,"[-3.764907724, 'VBG']"
slug,"[-3.764907724, 'VBD']"
busi,"[-3.764907724, 'VB']"
interact,"[-3.764907724, 'VB']"
temp,"[-3.764907724, 'VB']"
titl,"[-4.028789714, 'VBN']"
spoke,"[-4.064427775, 'VBD']"
delet,"[-4.110524787999999, 'VBN']"
insert,"[-4.133747926, 'VBD']"
protocol,"[-4.134366925, 'VBZ']"
reson,"[-4.134366925, 'VBP']"
demon,"[-4.134366925, 'VBP']"
hatr,"[-4.134366925, 'VBN']"
mistreat,"[-4.134366925, 'VBN']"
inflam,"[-4.134366925, 'VBN']"
microtarget,"[-4.134366925, 'VBG']"
wing,"[-4.134366925, 'VBG']"
disguis,"[-4.134366925, 'VBG']"
sophist,"[-4.134366925, 'VBD']"
prong,"[-4.134366925, 'VBD']"
craft,"[-4.134366925, 'VBD']"
infiltr,"[-4.134366925, 'VB']"
russia,"[-4.134366925, 'VB']"
hockey,"[-4.134366925, 'VB']"
mimic,"[-4.134366925, 'VB']"
candid,"[-4.134366925, 'VB']"
untangl,"[-4.134366925, 'VB']"
fend,"[-4.154086226, 'VB']"
defer,"[-4.16588539, 'VBD']"
rebuild,"[-4.273225714999999, 'VB']"
owe,"[-4.274035640999999, 'VBN']"
enamor,"[-4.421326398, 'VBN']"
buttress,"[-4.421326398, 'VBN']"
fatigu,"[-4.421326398, 'VBN']"
wors,"[-4.421326398, 'VBD']"
coalesc,"[-4.421326398, 'VB']"
pimp,"[-4.421326398, 'VB']"
amongst,"[-4.421326398, 'VB']"
core,"[-4.439918855, 'VBP']"
imag,"[-4.539037883000001, 'VBZ']"
seat,"[-4.579514441, 'VBN']"
deeper,"[-4.58984375, 'VBP']"
overtaken,"[-4.58984375, 'VBN']"
broken,"[-4.58984375, 'VBN']"
unleash,"[-4.58984375, 'VBG']"
drub,"[-4.58984375, 'VBG']"
pocket,"[-4.58984375, 'VBD']"
occupi,"[-4.58984375, 'VBD']"
spook,"[-4.58984375, 'VBD']"
robust,"[-4.58984375, 'VB']"
wild,"[-4.58984375, 'VB']"
overreact,"[-4.634235961999999, 'VBG']"
interpret,"[-4.634880502, 'VBN']"
bode,"[-4.661954866, 'VB']"
lab,"[-4.663336663, 'VBZ']"
spree,"[-4.663336663, 'VBP']"
obstruct,"[-4.663336663, 'VBN']"
travers,"[-4.663336663, 'VBG']"
catalyz,"[-4.663336663, 'VBG']"
jettison,"[-4.663336663, 'VBG']"
hobnob,"[-4.663336663, 'VBG']"
hesit,"[-4.663336663, 'VBD']"
quadrup,"[-4.663336663, 'VBD']"
bipe,"[-4.663336663, 'VBD']"
depart,"[-4.689912124999999, 'VBD']"
cite,"[-4.695506352000017, 'VBN']"
mirror,"[-4.7212823319999995, 'VB']"
celebr,"[-4.764629341, 'VBD']"
brief,"[-4.778317685000001, 'VBG']"
guid,"[-4.798318799999997, 'VBN']"
violat,"[-4.855040295, 'VBZ']"
domain,"[-4.916201117, 'VBZ']"
obstacl,"[-4.916201117, 'VBP']"
overrid,"[-4.916201117, 'VBG']"
had,"[-4.916201117, 'VBD']"
graph,"[-4.916201117, 'VBD']"
bearish,"[-4.916201117, 'VB']"
environ,"[-4.988470476, 'VBZ']"
go90,"[-5.016212092, 'VBZ']"
loyalti,"[-5.016212092, 'VBP']"
plea,"[-5.016212092, 'VBP']"
stretch,"[-5.016212092, 'VBN']"
rebuilt,"[-5.016212092, 'VBN']"
helm,"[-5.016212092, 'VBN']"
dawn,"[-5.016212092, 'VBG']"
illustr,"[-5.016212092, 'VBD']"
remak,"[-5.016212092, 'VB']"
rollov,"[-5.016212092, 'VB']"
divers,"[-5.016212092, 'VB']"
contact,"[-5.060775183000008, 'VB']"
apart,"[-5.128205128, 'VBZ']"
invalid,"[-5.155727609, 'VBZ']"
besieg,"[-5.155727609, 'VBN']"
gruel,"[-5.155727609, 'VBG']"
toy,"[-5.155727609, 'VBD']"
lob,"[-5.155727609, 'VBD']"
hardbal,"[-5.155727609, 'VB']"
gun,"[-5.326465018, 'VB']"
tackl,"[-5.32858544, 'VBN']"
block,"[-5.390661060999999, 'VBD']"
compens,"[-5.460699718, 'VB']"
flood,"[-5.563079858, 'VB']"
forth,"[-5.565965583, 'VBZ']"
gate,"[-5.565965583, 'VBZ']"
holiday,"[-5.565965583, 'VBP']"
clinch,"[-5.565965583, 'VBN']"
spar,"[-5.565965583, 'VBG']"
onslaught,"[-5.565965583, 'VBD']"
swell,"[-5.565965583, 'VBD']"
shirk,"[-5.565965583, 'VB']"
earth,"[-5.565965583, 'VB']"
shi,"[-5.565965583, 'VB']"
site,"[-5.603044862, 'VBZ']"
meter,"[-5.603044862, 'VBN']"
school,"[-5.603864734, 'VBN']"
boom,"[-5.70724923, 'VBG']"
pledg,"[-5.834872820000001, 'VBG']"
fail,"[-5.845109204, 'VBD']"
press,"[-5.972982902999999, 'VB']"
blame,"[-5.9959846809999995, 'VBD']"
woo,"[-6.027541915, 'VBP']"
manifest,"[-6.03893524, 'VBZ']"
undertaken,"[-6.03893524, 'VBN']"
unforgiv,"[-6.03893524, 'VBG']"
embol,"[-6.03893524, 'VBD']"
unparallel,"[-6.03893524, 'VBD']"
loom,"[-6.080391013, 'VBZ']"
folk,"[-6.080391013, 'VBZ']"
arguabl,"[-6.080391013, 'VBZ']"
counterbalanc,"[-6.080391013, 'VBN']"
simpler,"[-6.080391013, 'VBN']"
extrapol,"[-6.080391013, 'VBG']"
someth,"[-6.080391013, 'VBG']"
misquot,"[-6.080391013, 'VBD']"
haw,"[-6.080391013, 'VBD']"
hem,"[-6.080391013, 'VBD']"
couch,"[-6.080391013, 'VBD']"
evapor,"[-6.080391013, 'VBD']"
elud,"[-6.080391013, 'VBD']"
west,"[-6.080391013, 'VB']"
bilk,"[-6.080391013, 'VB']"
candi,"[-6.080391013, 'VB']"
central,"[-6.09152752, 'VBZ']"
ground,"[-6.09152752, 'VBN']"
box,"[-6.09152752, 'VBN']"
rebalanc,"[-6.09152752, 'VBG']"
transport,"[-6.09152752, 'VBG']"
realign,"[-6.09152752, 'VB']"
wear,"[-6.1280350420000005, 'VBG']"
diminish,"[-6.144384527, 'VBD']"
distinguish,"[-6.303245217, 'VBG']"
flank,"[-6.343089262, 'VBN']"
apologis,"[-6.343089262, 'VBN']"
wrongdo,"[-6.343089262, 'VBG']"
hye,"[-6.343089262, 'VBD']"
revolv,"[-6.343089262, 'VB']"
son,"[-6.343089262, 'VB']"
unravel,"[-6.343089262, 'VB']"
wrap,"[-6.433734834999998, 'VB']"
bind,"[-6.45789101, 'VBG']"
stun,"[-6.470343004, 'VBN']"
spot,"[-6.485298158, 'VBN']"
flirt,"[-6.485298158, 'VBG']"
bend,"[-6.485298158, 'VBG']"
next,"[-6.485298158, 'VB']"
a,"[-6.607496298, 'VBP']"
pressur,"[-6.6201591220000005, 'VBD']"
solid,"[-6.713097900999999, 'VBD']"
destroy,"[-6.742213398999997, 'VBN']"
tsla,"[-6.759552740999999, 'VB']"
assist,"[-6.7794067600000005, 'VB']"
throw,"[-6.894140992000001, 'VBN']"
pride,"[-6.984126984, 'VBZ']"
outlet,"[-6.984126984, 'VBZ']"
airplan,"[-6.984126984, 'VBZ']"
instruct,"[-6.984126984, 'VBN']"
combust,"[-6.984126984, 'VBG']"
heartbreak,"[-6.984126984, 'VBG']"
cri,"[-6.984126984, 'VBG']"
hurri,"[-6.984126984, 'VBD']"
derail,"[-6.984126984, 'VB']"
gizmodo,"[-6.984126984, 'VB']"
extinguish,"[-6.984126984, 'VB']"
hotel,"[-6.984126984, 'VB']"
deactiv,"[-6.984126984, 'VB']"
torpedo,"[-6.984126984, 'VB']"
damag,"[-7.0103693709999995, 'VBD']"
bottom,"[-7.026942939000001, 'VBD']"
downtrend,"[-7.062209942, 'VBG']"
juggl,"[-7.098711744999999, 'VBG']"
beaten,"[-7.1977198970000025, 'VBN']"
manipul,"[-7.208383837, 'VB']"
solut,"[-7.214665878, 'VBZ']"
cisco,"[-7.214665878, 'VBP']"
frank,"[-7.214665878, 'VBP']"
evidenc,"[-7.214665878, 'VBN']"
frown,"[-7.214665878, 'VBD']"
flare,"[-7.214665878, 'VB']"
tighten,"[-7.231033333, 'VBG']"
sorri,"[-7.2327638819999995, 'VBP']"
argu,"[-7.237047562999997, 'VBG']"
displac,"[-7.32992638, 'VB']"
thrill,"[-7.46526903, 'VBN']"
linger,"[-7.502182250000001, 'VBG']"
reconcil,"[-7.542682969999998, 'VBN']"
ten,"[-7.578445416, 'VB']"
lack,"[-7.663975476999999, 'VBZ']"
even,"[-7.688869340999999, 'VBG']"
us,"[-7.692307692, 'VB']"
lift,"[-7.719896264999996, 'VBG']"
award,"[-7.749469212, 'VBN']"
crash,"[-7.818383633, 'VBN']"
sue,"[-8.035714286, 'VBZ']"
writer,"[-8.035714286, 'VBZ']"
problem,"[-8.035714286, 'VBZ']"
protract,"[-8.035714286, 'VBN']"
foot,"[-8.035714286, 'VBN']"
botch,"[-8.035714286, 'VBN']"
startl,"[-8.035714286, 'VBG']"
billow,"[-8.035714286, 'VBG']"
smolder,"[-8.035714286, 'VBG']"
sept,"[-8.035714286, 'VBD']"
worst,"[-8.035714286, 'VBD']"
airlin,"[-8.035714286, 'VB']"
recharg,"[-8.035714286, 'VB']"
dip,"[-8.046173935999999, 'VBD']"
hope,"[-8.07032750199999, 'VBD']"
chime,"[-8.116615762, 'VBN']"
applic,"[-8.117185539, 'VBP']"
insist,"[-8.139859151, 'VBD']"
zoom,"[-8.175977884, 'VBD']"
envis,"[-8.179581169, 'VBZ']"
eclips,"[-8.186234122, 'VB']"
suppress,"[-8.189953745, 'VB']"
evolv,"[-8.207273072000001, 'VB']"
overturn,"[-8.225008081, 'VB']"
branch,"[-8.354751474, 'VBG']"
augment,"[-8.390289947, 'VBN']"
trim,"[-8.464027526999999, 'VBN']"
fire,"[-8.529163465999993, 'VB']"
net,"[-8.58967773, 'VBD']"
irk,"[-8.65048344, 'VBN']"
rent,"[-8.681108841, 'VBZ']"
equat,"[-8.783985668, 'VBZ']"
spotlight,"[-8.797703588000001, 'VB']"
accumul,"[-8.860349075000002, 'VBD']"
ban,"[-8.947334983999998, 'VBD']"
worri,"[-8.952248267000002, 'VBD']"
asid,"[-8.976441917, 'VBP']"
foremost,"[-8.976441917, 'VB']"
burn,"[-9.084512121999996, 'VBG']"
strategi,"[-9.135372126, 'VBZ']"
seiz,"[-9.150579017, 'VB']"
thrust,"[-9.375783404, 'VBZ']"
buyout,"[-9.375783404, 'VBZ']"
shortfal,"[-9.375783404, 'VBZ']"
budget,"[-9.375783404, 'VBN']"
trace,"[-9.460831943, 'VB']"
flatlin,"[-9.50197692, 'VBD']"
allud,"[-9.506044867, 'VBG']"
chul,"[-9.514633893000001, 'VBD']"
soo,"[-9.514633893000001, 'VBD']"
uphold,"[-9.514633893000001, 'VB']"
reinforc,"[-9.532885900000004, 'VB']"
amass,"[-9.559996043, 'VBN']"
sum,"[-9.577054007000001, 'VBD']"
contrast,"[-9.656862178, 'VBG']"
pit,"[-9.799090141, 'VB']"
attack,"[-9.939433743, 'VB']"
llc,"[-9.939627264, 'VBP']"
litig,"[-9.939627264, 'VBP']"
bookmark,"[-9.939627264, 'VBG']"
gap,"[-9.939627264, 'VBD']"
purifi,"[-9.939627264, 'VB']"
recalibr,"[-9.939627264, 'VB']"
interim,"[-9.939627264, 'VB']"
observ,"[-10.113883693, 'VBN']"
consol,"[-10.23842917, 'VBZ']"
datacent,"[-10.23842917, 'VBZ']"
behavior,"[-10.23842917, 'VBZ']"
commentari,"[-10.23842917, 'VBP']"
wafer,"[-10.23842917, 'VBP']"
enough,"[-10.23842917, 'VBN']"
healthier,"[-10.23842917, 'VBN']"
notwithstand,"[-10.23842917, 'VBG']"
was,"[-10.23842917, 'VBD']"
front,"[-10.23842917, 'VBD']"
devind,"[-10.23842917, 'VB']"
clean,"[-10.23842917, 'VB']"
mega,"[-10.23842917, 'VB']"
autom,"[-10.245975759, 'VBD']"
recommend,"[-10.249237212999995, 'VBD']"
chipmak,"[-10.311455218, 'VBG']"
switch,"[-10.380421641999993, 'VB']"
toward,"[-10.437211561, 'VBZ']"
tire,"[-10.532262209999999, 'VBN']"
amplifi,"[-10.652930036, 'VB']"
antitrust,"[-10.717593744, 'VBP']"
organ,"[-11.020815043, 'VB']"
coordin,"[-11.118493909000001, 'VBN']"
energ,"[-11.131931166, 'VBG']"
complain,"[-11.219487489, 'VBG']"
blast,"[-11.219732648, 'VB']"
eras,"[-11.367736187, 'VBD']"
assembl,"[-11.410252808000001, 'VBG']"
emit,"[-11.479891404999998, 'VB']"
domin,"[-11.501804894999996, 'VBD']"
overheat,"[-11.562486298, 'VB']"
weather,"[-11.64131817, 'VBN']"
levi,"[-11.765381822999998, 'VBD']"
threaten,"[-11.809602264999997, 'VBZ']"
reinvest,"[-11.819070487000001, 'VBG']"
pack,"[-11.977224720999999, 'VBG']"
chose,"[-11.995222705, 'VBD']"
sunk,"[-12.07787048, 'VBD']"
heath,"[-12.08226221, 'VBP']"
rejoin,"[-12.08226221, 'VBG']"
regular,"[-12.08226221, 'VB']"
meaning,"[-12.08226221, 'VB']"
trash,"[-12.08226221, 'VB']"
deemphas,"[-12.08226221, 'VB']"
summon,"[-12.26680583, 'VBG']"
bought,"[-12.418322681000006, 'VBD']"
hing,"[-12.41846747, 'VBZ']"
dream,"[-12.41846747, 'VBN']"
worsen,"[-12.41846747, 'VB']"
graphit,"[-12.41846747, 'VB']"
referenc,"[-12.55554448, 'VBN']"
tie,"[-12.616970856000002, 'VBN']"
king,"[-12.634334600999999, 'VBG']"
peddl,"[-12.686178524, 'VBG']"
grill,"[-12.686178524, 'VBD']"
left,"[-12.72262537200001, 'VBN']"
bit,"[-12.727306539, 'VB']"
digest,"[-12.849762679, 'VBP']"
adopt,"[-12.880911698999997, 'VBN']"
unit,"[-12.89202791, 'VBG']"
sometim,"[-12.90106952, 'VBZ']"
excus,"[-12.90106952, 'VBZ']"
skate,"[-12.90106952, 'VBN']"
resurrect,"[-12.90106952, 'VBN']"
reinvent,"[-12.90106952, 'VBG']"
shortcom,"[-12.90106952, 'VBG']"
cash,"[-12.90106952, 'VBG']"
dri,"[-12.90106952, 'VBD']"
deceas,"[-12.90106952, 'VBD']"
interview,"[-12.90106952, 'VBD']"
dribbl,"[-12.90106952, 'VBD']"
deepen,"[-12.902054072, 'VBN']"
wave,"[-13.040361536999999, 'VBG']"
ratchet,"[-13.140691128, 'VB']"
balloon,"[-13.145122338, 'VBN']"
bear,"[-13.174501819, 'VBZ']"
contest,"[-13.181681497999998, 'VB']"
overweight,"[-13.242581178, 'VBN']"
fear,"[-13.263327192999999, 'VBZ']"
shouldn,"[-13.263979194, 'VBP']"
perceiv,"[-13.263979194, 'VBN']"
reissu,"[-13.265729939, 'VBD']"
post,"[-13.486851225999736, 'VBD']"
aapl,"[-13.608667423, 'VBP']"
regret,"[-13.615578368000001, 'VBD']"
alien,"[-13.752775107999998, 'VBG']"
either,"[-13.968253968, 'VB']"
softbank,"[-13.990009989, 'VB']"
respect,"[-14.074649525999998, 'VBP']"
own,"[-14.252201536000008, 'VBZ']"
spread,"[-14.278211668, 'VBG']"
disappear,"[-14.356096199, 'VB']"
mischaracter,"[-14.40270996, 'VBN']"
wireless,"[-14.40270996, 'VB']"
thwart,"[-14.40270996, 'VB']"
separ,"[-14.416619931, 'VBG']"
unrel,"[-14.419376627, 'VBN']"
somehow,"[-14.596792879999999, 'VBP']"
financ,"[-14.95711356, 'VB']"
board,"[-15.01984127, 'VBG']"
bounc,"[-15.134426030999999, 'VBD']"
cooper,"[-15.170784635, 'VB']"
signal,"[-15.566501076000003, 'VBG']"
counter,"[-15.850602732, 'VB']"
outsourc,"[-15.95270996, 'VBZ']"
underli,"[-15.95270996, 'VBP']"
telecom,"[-15.95270996, 'VBP']"
chafe,"[-15.95270996, 'VBG']"
monopol,"[-15.95270996, 'VBG']"
instig,"[-15.95270996, 'VBG']"
twist,"[-15.95270996, 'VBG']"
dismiss,"[-15.95270996, 'VBD']"
gsm,"[-15.95270996, 'VB']"
unfair,"[-15.95270996, 'VB']"
anticompetit,"[-15.95270996, 'VB']"
incit,"[-15.966328406999999, 'VB']"
abus,"[-16.06217522, 'VBN']"
implic,"[-16.071428572, 'VBN']"
evacu,"[-16.071428572, 'VBD']"
endang,"[-16.071428572, 'VB']"
reassur,"[-16.071428572, 'VB']"
critiqu,"[-16.071428572, 'VB']"
sudden,"[-16.071428572, 'VB']"
pen,"[-16.071428572, 'VB']"
suspend,"[-16.101680169999998, 'VBD']"
oppos,"[-16.142247754, 'VBN']"
aggrav,"[-16.5374677, 'VB']"
probe,"[-16.555725999, 'VBG']"
wonder,"[-16.994327147999993, 'VB']"
misrepres,"[-17.144808053, 'VBG']"
stem,"[-17.262515488, 'VBG']"
conceal,"[-17.263526664999997, 'VBG']"
withstand,"[-17.263526664999997, 'VB']"
stagnat,"[-17.459452435000003, 'VBN']"
overcharg,"[-17.576206981, 'VBG']"
split,"[-17.602189133000003, 'VB']"
lag,"[-17.676973276000002, 'VBG']"
lend,"[-17.728336495, 'VB']"
uptrend,"[-17.768004957000002, 'VBG']"
disagre,"[-17.917953016, 'VBD']"
concern,"[-18.009161652000003, 'VBG']"
prais,"[-18.221319857999994, 'VBD']"
debut,"[-18.321285033, 'VBD']"
revit,"[-18.352225321, 'VB']"
claw,"[-18.414654247, 'VB']"
glean,"[-18.637043262000002, 'VBZ']"
side,"[-18.966988981, 'VBP']"
arrest,"[-19.029267786000002, 'VB']"
agit,"[-19.17641959, 'VBN']"
hang,"[-19.17641959, 'VBG']"
chest,"[-19.17641959, 'VB']"
copi,"[-19.383503104000003, 'VBG']"
standard,"[-19.402594454, 'VBD']"
monitor,"[-19.436117196999998, 'VBG']"
solv,"[-19.648114179, 'VB']"
trail,"[-20.12299416, 'VBG']"
taper,"[-20.47685834, 'VB']"
stoke,"[-20.584605499, 'VB']"
crop,"[-20.616046623, 'VBD']"
low,"[-20.876770018000002, 'VBZ']"
remot,"[-20.952380952000002, 'VB']"
lower,"[-21.110644805000007, 'VBG']"
overshadow,"[-21.129717678, 'VBN']"
ignit,"[-21.199633699999996, 'VBG']"
employ,"[-21.280954748, 'VBZ']"
upload,"[-21.559651778, 'VBD']"
moneymorn,"[-21.68582375, 'VBG']"
invoic,"[-21.68582375, 'VBG']"
reel,"[-21.68582375, 'VBG']"
arous,"[-21.68582375, 'VBD']"
lent,"[-21.68582375, 'VBD']"
chip,"[-22.04423748, 'VBN']"
recur,"[-22.04555143799999, 'VBG']"
qualcomm,"[-22.141593973, 'VBP']"
key,"[-22.32069138, 'VB']"
vote,"[-22.494758351999998, 'VB']"
critic,"[-22.699191759, 'VBD']"
faulti,"[-23.055555556, 'VB']"
thread,"[-23.069855521999997, 'VBD']"
dress,"[-23.154683463999998, 'VBN']"
dub,"[-23.20440439, 'VBD']"
lock,"[-23.58051547499999, 'VBG']"
slap,"[-23.737391707, 'VBN']"
deceler,"[-23.839756252999997, 'VBN']"
link,"[-23.862193050999995, 'VBN']"
prevent,"[-23.909286665000003, 'VB']"
smoke,"[-24.107142857999996, 'VB']"
napl,"[-24.22907489, 'VBZ']"
tast,"[-24.22907489, 'VBP']"
shellack,"[-24.22907489, 'VBN']"
coincid,"[-24.22907489, 'VBN']"
doom,"[-24.22907489, 'VBD']"
load,"[-24.22907489, 'VBD']"
straight,"[-24.22907489, 'VBD']"
realiti,"[-24.22907489, 'VB']"
paraphras,"[-24.22907489, 'VB']"
exhibit,"[-24.22907489, 'VB']"
compound,"[-24.417972155999998, 'VBG']"
repair,"[-25.044225705, 'VBG']"
bound,"[-25.153497136999995, 'VBG']"
price,"[-25.154304612999994, 'VBN']"
fallen,"[-25.171925145999996, 'VBN']"
republish,"[-25.227344625, 'VBN']"
impeach,"[-25.372357048, 'VBN']"
catch,"[-25.661688678999994, 'VBG']"
bank,"[-25.851145024, 'VBG']"
resort,"[-25.892337224000002, 'VBG']"
debat,"[-25.987197143, 'VB']"
investig,"[-26.05815370099999, 'VBZ']"
plummet,"[-26.12646557400001, 'VBD']"
told,"[-26.433980703999893, 'VBD']"
perfect,"[-26.852110931, 'VB']"
trot,"[-27.600173607, 'VBP']"
burst,"[-27.936507936, 'VB']"
wish,"[-28.122791171, 'VBZ']"
retir,"[-28.163558015, 'VBD']"
deploy,"[-28.308810213, 'VBD']"
felt,"[-28.489896041999998, 'VBD']"
quizz,"[-28.543901679, 'VBD']"
rate,"[-29.025361456, 'VBN']"
crack,"[-30.433056345, 'VB']"
act,"[-30.661908179999998, 'VBD']"
manufactur,"[-30.683417609000013, 'VBD']"
diseas,"[-30.866526714000003, 'VBN']"
sow,"[-30.955314792000006, 'VB']"
stow,"[-31.091269842000003, 'VB']"
dig,"[-31.457717994999996, 'VBG']"
plateau,"[-31.818050164, 'VBN']"
assess,"[-32.207108094000006, 'VB']"
cast,"[-32.37147961699999, 'VBN']"
issu,"[-32.39814894199998, 'VBD']"
orient,"[-33.288574274, 'VBD']"
ramp,"[-33.305423996000016, 'VB']"
hammer,"[-34.152455129, 'VBN']"
review,"[-34.312510732, 'VBD']"
ongo,"[-34.99139155100001, 'VBG']"
extort,"[-35.148509182, 'VB']"
slide,"[-35.610434592000004, 'VBP']"
level,"[-36.772798919, 'VB']"
transit,"[-36.789090834999996, 'VBZ']"
access,"[-37.111766212000006, 'VBN']"
patent,"[-37.34245748, 'VB']"
prompt,"[-37.61498564, 'VBG']"
dilut,"[-38.360501298999985, 'VB']"
richest,"[-38.961759081, 'VBP']"
promot,"[-39.30108860000001, 'VBP']"
risen,"[-39.719777954999984, 'VBN']"
invent,"[-40.465779233999996, 'VBN']"
promis,"[-40.56892625100001, 'VBN']"
restock,"[-40.95371668, 'VBG']"
alleg,"[-42.314084273, 'VBN']"
shed,"[-42.586387112, 'VBN']"
introduc,"[-42.770448251, 'VBD']"
nail,"[-43.028724955, 'VBD']"
reiter,"[-43.237802377999984, 'VBG']"
email,"[-44.634821529999996, 'VBN']"
featur,"[-44.705419332999995, 'VBD']"
kick,"[-45.10582128499999, 'VBZ']"
widen,"[-45.138182752000006, 'VBZ']"
survey,"[-45.233745071, 'VBN']"
caught,"[-45.614257353999996, 'VBN']"
sink,"[-46.519494115, 'VB']"
do,"[-46.949658588000005, 'VBP']"
poll,"[-47.40919488799999, 'VBN']"
withheld,"[-47.85812988, 'VBN']"
advis,"[-48.487910669, 'VBG']"
entitl,"[-48.816159946999996, 'VBN']"
lifesci,"[-48.89729535199996, 'VBZ']"
collect,"[-50.466416957999996, 'VB']"
reject,"[-51.831432759, 'VBD']"
suppli,"[-51.866401399999994, 'VBG']"
attempt,"[-52.01578220799999, 'VBD']"
disappoint,"[-52.925369665999995, 'VBG']"
exploit,"[-53.376240738, 'VB']"
die,"[-56.378889483, 'VB']"
fine,"[-56.71999897799999, 'VBD']"
licens,"[-57.93222704000003, 'VB']"
connect,"[-58.00677209400001, 'VBN']"
sought,"[-58.990691579, 'VBD']"
valv,"[-60.45506770899999, 'VBP']"
impos,"[-61.375811733999996, 'VBN']"
heard,"[-62.96991481800001, 'VBP']"
slam,"[-63.871877903, 'VBD']"
purchas,"[-65.44894319899996, 'VBD']"
send,"[-65.60065104499996, 'VB']"
modem,"[-65.692758659, 'VBZ']"
live,"[-65.75468942500001, 'VB']"
expir,"[-69.54395363, 'VBZ']"
overh,"[-70.21825397, 'VBN']"
refus,"[-71.55526312500001, 'VBN']"
tumbl,"[-72.77592047000002, 'VBD']"
went,"[-79.104413997, 'VBD']"
accus,"[-80.248811531, 'VBN']"
announc,"[-85.48339025900017, 'VB']"
withhold,"[-89.028434907, 'VBG']"
urg,"[-95.801081384, 'VBD']"
downgrad,"[-96.372420321, 'VBD']"
exchang,"[-98.924639665, 'VB']"
su,"[-100.04904769899998, 'VBN']"
wipe,"[-105.91735506700002, 'VBD']"
game,"[-106.21632697300001, 'VBG']"
halt,"[-110.15040740900001, 'VBG']"
tank,"[-116.115380744, 'VBD']"
explod,"[-116.55132775400003, 'VB']"
stop,"[-131.31729870499998, 'VB']"
question,"[-140.71991634000005, 'VB']"
cut,"[-146.308829575, 'VBN']"
decid,"[-149.43364736400002, 'VBD']"
return,"[-155.41188218399992, 'VB']"
fall,"[-166.253575559, 'VBP']"
trade,"[-174.63320598600012, 'VBG']"
charg,"[-177.420122459, 'VB']"
drop,"[-197.04453584500007, 'VBD']"
miss,"[-202.96315177600005, 'VBG']"
plung,"[-244.49336834199997, 'VBD']"
recal,"[-272.14579327999996, 'VBD']"
fell,"[-276.9427829780002, 'VBD']"
